날짜,평균기온,최고기온,최저기온,평균운량,일강수량
2019-01-01,-5.0℃,-0.6℃,-8.2℃,3.4,0
2019-01-02,-4.9℃,0.2℃,-8.8℃,0.0,0
2019-01-03,-3.5℃,3.2℃,-8.4℃,0.1,0
2019-01-04,-1.1℃,4.1℃,-6.2℃,5.5,0
2019-01-05,-2.8℃,1.1℃,-5.5℃,0.5,0
2019-01-06,-2.8℃,2.7℃,-6.3℃,3.1,0
2019-01-07,-1.9℃,3.1℃,-6.2℃,4.0,0
2019-01-08,-3.5℃,0.5℃,-7.2℃,0.0,0
2019-01-09,-4.7℃,1.3℃,-9.4℃,4.9,0
2019-01-10,-0.6℃,3.0℃,-4.5℃,8.1,0
2019-01-11,2.4℃,7.2℃,-0.4℃,6.1,0
2019-01-12,2.8℃,8.0℃,-0.6℃,3.9,0
2019-01-13,1.2℃,7.6℃,-3.0℃,0.0,0
2019-01-14,1.4℃,5.3℃,-2.4℃,4.5,0
2019-01-15,-1.7℃,2.6℃,-7.2℃,3.8,0.0mm
2019-01-16,-5.2℃,-1.1℃,-10.1℃,4.1,0.0mm
2019-01-17,-0.3℃,4.0℃,-3.2℃,1.8,0.0mm
2019-01-18,0.6℃,6.7℃,-4.6℃,3.0,0
2019-01-19,3.6℃,8.5℃,0.0℃,7.8,0
2019-01-20,-1.4℃,4.0℃,-5.5℃,1.1,0
2019-01-21,-1.2℃,4.2℃,-6.7℃,4.1,0.0mm
2019-01-22,1.7℃,7.1℃,-3.3℃,1.1,0
2019-01-23,2.0℃,7.0℃,-0.8℃,0.9,0
2019-01-24,0.1℃,6.5℃,-4.6℃,2.1,0
2019-01-25,-1.2℃,2.6℃,-3.8℃,1.3,0
2019-01-26,-2.5℃,2.4℃,-6.5℃,0.0,0
2019-01-27,-0.1℃,5.1℃,-6.6℃,4.3,0
2019-01-28,1.2℃,4.5℃,-2.4℃,1.3,0.0mm
2019-01-29,-0.2℃,7.0℃,-5.6℃,2.1,0
2019-01-30,1.8℃,6.6℃,-2.8℃,6.9,0
2019-01-31,-2.0℃,2.3℃,-6.2℃,7.0,0
2019-02-01,-2.1℃,2.8℃,-7.4℃,3.0,0.3mm
2019-02-02,1.4℃,6.1℃,-3.2℃,7.5,0.0mm
2019-02-03,3.3℃,4.9℃,2.0℃,9.3,16.0mm
2019-02-04,-0.6℃,3.0℃,-3.3℃,2.4,0
2019-02-05,2.8℃,10.1℃,-3.6℃,3.9,0
2019-02-06,5.1℃,9.3℃,0.1℃,8.1,0
2019-02-07,-2.1℃,6.3℃,-8.2℃,4.3,0.5mm
2019-02-08,-6.1℃,-1.3℃,-10.2℃,6.1,0
2019-02-09,-5.4℃,-1.9℃,-8.6℃,4.4,0
2019-02-10,-5.0℃,-1.9℃,-9.1℃,7.5,0
2019-02-11,-3.0℃,2.0℃,-7.5℃,0.4,0
2019-02-12,-0.6℃,3.7℃,-4.1℃,5.6,0.0mm
2019-02-13,-2.1℃,2.5℃,-5.7℃,1.8,0
2019-02-14,-0.5℃,6.3℃,-5.9℃,5.3,0
2019-02-15,-0.8℃,0.9℃,-2.9℃,9.1,2.2mm
2019-02-16,-2.7℃,1.5℃,-5.1℃,2.4,0.2mm
2019-02-17,-1.8℃,4.6℃,-6.8℃,0.1,0
2019-02-18,0.9℃,5.9℃,-4.7℃,7.4,0
2019-02-19,1.4℃,3.0℃,0.2℃,9.4,4.6mm
2019-02-20,1.7℃,4.5℃,-0.1℃,6.5,0.0mm
2019-02-21,2.4℃,9.0℃,-2.6℃,0.0,0
2019-02-22,4.0℃,10.8℃,-1.6℃,5.4,0
2019-02-23,6.8℃,14.5℃,0.5℃,2.9,0
2019-02-24,6.3℃,13.7℃,1.2℃,1.6,0
2019-02-25,4.7℃,10.2℃,1.3℃,4.8,0
2019-02-26,5.2℃,12.0℃,-1.5℃,3.6,0
2019-02-27,7.8℃,14.0℃,4.7℃,7.5,0
2019-02-28,6.6℃,12.8℃,2.0℃,3.3,0
2019-03-01,6.6℃,13.0℃,1.2℃,0.3,0
2019-03-02,7.8℃,14.7℃,1.3℃,5.8,0
2019-03-03,9.4℃,16.1℃,2.5℃,4.8,0
2019-03-04,9.9℃,16.3℃,5.0℃,2.3,0
2019-03-05,8.4℃,12.9℃,5.6℃,8.6,0
2019-03-06,8.4℃,12.4℃,5.7℃,6.3,0
2019-03-07,7.0℃,12.7℃,3.1℃,1.5,0
2019-03-08,6.1℃,13.4℃,0.6℃,0.1,0
2019-03-09,7.2℃,14.9℃,-0.4℃,5.4,0
2019-03-10,10.1℃,15.3℃,6.7℃,7.1,0
2019-03-11,6.6℃,10.0℃,3.5℃,4.9,0.0mm
2019-03-12,3.9℃,7.9℃,-0.3℃,4.9,0.0mm
2019-03-13,3.5℃,8.5℃,-0.4℃,1.8,0.0mm
2019-03-14,5.0℃,10.0℃,-1.7℃,5.5,0.0mm
2019-03-15,5.5℃,11.3℃,1.6℃,7.4,3.5mm
2019-03-16,4.3℃,9.2℃,0.2℃,5.5,0
2019-03-17,6.3℃,12.4℃,2.6℃,2.0,0
2019-03-18,7.1℃,14.4℃,1.4℃,6.3,0
2019-03-19,10.0℃,16.7℃,3.4℃,1.4,0
2019-03-20,10.3℃,14.6℃,7.1℃,8.8,16.5mm
2019-03-21,7.1℃,11.1℃,1.9℃,7.9,3.3mm
2019-03-22,3.3℃,8.3℃,-0.7℃,0.8,0
2019-03-23,3.3℃,8.2℃,-0.4℃,3.0,1.7mm
2019-03-24,4.3℃,9.7℃,-0.8℃,0.1,0
2019-03-25,7.3℃,11.5℃,2.9℃,6.6,0
2019-03-26,11.4℃,17.6℃,7.4℃,2.6,0
2019-03-27,11.6℃,16.2℃,8.9℃,8.5,0
2019-03-28,9.4℃,14.6℃,5.6℃,6.1,0
2019-03-29,9.2℃,15.1℃,5.5℃,4.6,0
2019-03-30,5.2℃,8.4℃,3.5℃,9.4,1.8mm
2019-03-31,4.4℃,8.4℃,2.6℃,5.1,0.0mm
2019-04-01,5.5℃,11.3℃,0.3℃,1.3,0
2019-04-02,6.7℃,13.0℃,1.3℃,0.3,0
2019-04-03,7.6℃,13.6℃,1.9℃,0.3,0
2019-04-04,9.2℃,15.7℃,3.0℃,0.0,0
2019-04-05,11.4℃,17.2℃,7.0℃,3.0,0.0mm
2019-04-06,9.3℃,12.2℃,5.9℃,8.5,0.8mm
2019-04-07,12.6℃,20.3℃,5.6℃,4.4,0
2019-04-08,11.6℃,17.2℃,7.6℃,3.3,0
2019-04-09,9.2℃,13.9℃,4.7℃,9.4,17.4mm
2019-04-10,7.1℃,10.2℃,4.7℃,8.3,5.6mm
2019-04-11,9.5℃,15.7℃,4.3℃,4.6,0
2019-04-12,11.4℃,18.4℃,5.5℃,1.8,0
2019-04-13,11.8℃,17.9℃,6.2℃,5.6,0
2019-04-14,9.6℃,13.6℃,6.9℃,6.0,1.7mm
2019-04-15,11.6℃,18.1℃,3.9℃,0.0,0
2019-04-16,14.9℃,22.6℃,6.8℃,4.8,0
2019-04-17,15.3℃,21.8℃,9.1℃,3.9,0
2019-04-18,12.6℃,16.2℃,10.4℃,6.3,0.0mm
2019-04-19,13.8℃,19.7℃,9.6℃,4.8,0
2019-04-20,14.3℃,19.1℃,9.7℃,7.1,1.2mm
2019-04-21,14.8℃,20.2℃,12.2℃,7.9,0.3mm
2019-04-22,19.3℃,28.2℃,10.7℃,2.3,0
2019-04-23,20.4℃,25.5℃,15.3℃,8.4,0.0mm
2019-04-24,19.5℃,25.9℃,15.8℃,5.0,4.1mm
2019-04-25,13.2℃,17.2℃,9.4℃,9.4,11.3mm
2019-04-26,8.4℃,9.9℃,6.2℃,8.0,4.9mm
2019-04-27,11.6℃,18.2℃,4.1℃,4.8,0
2019-04-28,12.9℃,16.6℃,9.9℃,8.1,0.0mm
2019-04-29,13.0℃,17.3℃,8.3℃,5.8,0
2019-04-30,15.5℃,22.5℃,9.0℃,4.4,0
2019-05-01,16.4℃,22.2℃,11.2℃,1.9,0
2019-05-02,17.1℃,25.3℃,10.6℃,0.0,0
2019-05-03,17.9℃,26.1℃,10.1℃,0.0,0
2019-05-04,19.5℃,27.4℃,12.0℃,4.9,0
2019-05-05,19.2℃,26.5℃,13.6℃,5.1,0
2019-05-06,14.5℃,19.8℃,9.8℃,0.3,0.0mm
2019-05-07,15.0℃,21.9℃,8.4℃,0.0,0
2019-05-08,15.6℃,21.3℃,10.1℃,6.1,0
2019-05-09,16.6℃,22.9℃,11.7℃,3.1,0
2019-05-10,17.8℃,26.8℃,10.3℃,3.5,0
2019-05-11,20.3℃,28.3℃,13.2℃,2.0,0
2019-05-12,21.6℃,28.9℃,14.7℃,4.3,0
2019-05-13,18.7℃,22.8℃,15.5℃,8.3,0.0mm
2019-05-14,19.6℃,26.9℃,12.9℃,1.6,0
2019-05-15,20.7℃,28.0℃,14.8℃,4.5,0
2019-05-16,23.5℃,30.0℃,16.7℃,2.5,0
2019-05-17,23.6℃,28.3℃,17.6℃,7.5,0
2019-05-18,22.8℃,25.9℃,19.1℃,8.5,0.0mm
2019-05-19,19.4℃,21.6℃,17.9℃,10.0,22.0mm
2019-05-20,16.4℃,20.2℃,13.0℃,4.5,8.7mm
2019-05-21,17.2℃,23.8℃,11.7℃,0.0,0
2019-05-22,19.5℃,26.5℃,12.3℃,1.4,0
2019-05-23,22.1℃,29.2℃,15.0℃,0.0,0
2019-05-24,24.2℃,33.4℃,16.2℃,1.4,0
2019-05-25,23.4℃,28.6℃,18.4℃,7.9,0
2019-05-26,24.5℃,31.1℃,18.6℃,6.0,0
2019-05-27,17.8℃,22.3℃,14.3℃,8.6,7.1mm
2019-05-28,18.1℃,24.6℃,11.9℃,2.1,0
2019-05-29,20.3℃,26.5℃,13.3℃,0.4,0
2019-05-30,19.6℃,24.5℃,14.6℃,7.9,0.0mm
2019-05-31,19.1℃,23.3℃,16.1℃,2.3,0
2019-06-01,18.9℃,23.7℃,14.8℃,5.5,0
2019-06-02,21.1℃,27.8℃,14.1℃,0.6,0
2019-06-03,23.1℃,29.5℃,16.0℃,0.6,0
2019-06-04,22.6℃,29.0℃,17.6℃,3.0,0
2019-06-05,23.0℃,29.6℃,17.8℃,5.4,0
2019-06-06,21.2℃,25.1℃,18.6℃,9.1,7.9mm
2019-06-07,20.0℃,24.7℃,17.0℃,7.4,35.3mm
2019-06-08,21.9℃,27.6℃,16.0℃,5.9,0
2019-06-09,21.6℃,26.5℃,17.1℃,8.9,2.5mm
2019-06-10,18.4℃,21.9℃,15.7℃,8.0,9.5mm
2019-06-11,20.5℃,26.1℃,15.5℃,3.5,0
2019-06-12,21.5℃,26.4℃,16.1℃,1.1,0
2019-06-13,23.0℃,28.8℃,16.6℃,3.1,0
2019-06-14,23.0℃,28.4℃,19.1℃,6.1,0
2019-06-15,21.9℃,27.4℃,17.9℃,3.1,2.1mm
2019-06-16,22.0℃,27.2℃,16.1℃,3.9,0
2019-06-17,21.7℃,26.2℃,18.1℃,4.5,0.0mm
2019-06-18,20.8℃,24.8℃,17.0℃,9.5,13.8mm
2019-06-19,21.4℃,25.4℃,18.9℃,9.4,0.2mm
2019-06-20,22.7℃,27.8℃,19.8℃,8.0,0
2019-06-21,22.1℃,26.1℃,19.4℃,7.3,0.2mm
2019-06-22,24.2℃,30.6℃,17.7℃,2.1,0
2019-06-23,25.0℃,31.0℃,19.1℃,3.0,0
2019-06-24,25.2℃,30.9℃,20.9℃,1.6,0
2019-06-25,25.6℃,32.8℃,19.5℃,1.3,0
2019-06-26,25.5℃,29.5℃,20.7℃,9.5,0.0mm
2019-06-27,25.5℃,31.2℃,21.9℃,8.3,1.4mm
2019-06-28,24.7℃,29.0℃,22.3℃,8.5,0.0mm
2019-06-29,23.1℃,27.7℃,19.6℃,8.1,1.5mm
2019-06-30,23.9℃,28.5℃,20.9℃,6.9,0.0mm
2019-07-01,23.9℃,28.9℃,20.6℃,4.9,0
2019-07-02,24.4℃,30.1℃,20.8℃,4.0,0
2019-07-03,24.1℃,27.4℃,21.2℃,6.4,0
2019-07-04,25.4℃,32.8℃,20.0℃,2.4,0
2019-07-05,27.6℃,35.0℃,20.2℃,3.8,0.0mm
2019-07-06,29.7℃,36.1℃,24.6℃,3.4,0
2019-07-07,26.7℃,32.5℃,22.7℃,7.5,0
2019-07-08,25.1℃,31.0℃,21.2℃,6.0,0
2019-07-09,25.0℃,30.0℃,19.7℃,4.9,0
2019-07-10,22.7℃,27.3℃,19.3℃,8.4,8.5mm
2019-07-11,21.9℃,25.9℃,19.5℃,9.9,2.9mm
2019-07-12,23.6℃,28.7℃,20.0℃,6.8,0
2019-07-13,24.9℃,29.7℃,22.1℃,6.4,0.0mm
2019-07-14,25.9℃,31.6℃,21.2℃,4.5,0
2019-07-15,23.8℃,27.4℃,22.1℃,7.5,7.7mm
2019-07-16,24.7℃,28.8℃,21.4℃,7.3,6.3mm
2019-07-17,25.6℃,29.2℃,22.3℃,9.0,0.7mm
2019-07-18,26.9℃,32.1℃,23.3℃,6.4,0
2019-07-19,28.6℃,35.0℃,22.8℃,4.6,0.0mm
2019-07-20,28.0℃,31.9℃,25.1℃,9.5,1.1mm
2019-07-21,25.1℃,27.0℃,24.2℃,9.4,6.2mm
2019-07-22,26.7℃,31.0℃,24.2℃,7.5,0.1mm
2019-07-23,28.1℃,32.9℃,24.4℃,8.6,0
2019-07-24,26.5℃,27.2℃,25.2℃,9.6,1.0mm
2019-07-25,26.3℃,27.4℃,25.6℃,9.9,9.7mm
2019-07-26,25.1℃,25.9℃,23.7℃,9.9,60.0mm
2019-07-27,28.4℃,33.4℃,24.9℃,7.6,0.6mm
2019-07-28,26.1℃,28.2℃,25.0℃,9.8,25.6mm
2019-07-29,27.5℃,30.0℃,25.6℃,8.0,0.5mm
2019-07-30,28.1℃,30.8℃,26.3℃,8.8,1.2mm
2019-07-31,25.8℃,27.5℃,24.0℃,9.8,62.3mm
2019-08-01,26.3℃,30.1℃,23.5℃,7.8,26.9mm
2019-08-02,28.4℃,33.1℃,24.7℃,3.5,0
2019-08-03,29.4℃,36.0℃,25.6℃,3.6,3.0mm
2019-08-04,28.3℃,34.4℃,25.0℃,5.8,8.6mm
2019-08-05,30.5℃,35.9℃,25.6℃,2.5,0
2019-08-06,31.6℃,36.8℃,27.9℃,6.8,0
2019-08-07,26.9℃,30.3℃,23.9℃,8.0,8.0mm
2019-08-08,28.9℃,32.7℃,25.9℃,6.6,0.0mm
2019-08-09,29.8℃,34.6℃,26.0℃,4.9,0
2019-08-10,31.5℃,36.5℃,26.6℃,5.1,0
2019-08-11,30.4℃,35.7℃,26.3℃,6.8,6.7mm
2019-08-12,26.6℃,28.5℃,24.8℃,8.9,56.2mm
2019-08-13,29.2℃,35.3℃,25.1℃,7.4,6.4mm
2019-08-14,30.4℃,35.7℃,25.9℃,4.0,0
2019-08-15,25.9℃,28.6℃,23.9℃,9.1,16.2mm
2019-08-16,25.9℃,29.5℃,23.0℃,6.3,0.1mm
2019-08-17,25.9℃,28.8℃,23.4℃,5.0,0.0mm
2019-08-18,25.6℃,30.7℃,22.6℃,4.5,0
2019-08-19,26.3℃,31.3℃,21.2℃,4.6,0
2019-08-20,28.2℃,32.8℃,23.2℃,2.6,0
2019-08-21,27.0℃,30.4℃,24.4℃,7.6,1.3mm
2019-08-22,26.9℃,31.4℃,23.0℃,6.3,0
2019-08-23,26.2℃,30.5℃,22.7℃,4.4,0
2019-08-24,24.1℃,27.3℃,21.5℃,5.5,0
2019-08-25,25.0℃,29.9℃,20.2℃,3.4,0
2019-08-26,26.4℃,32.1℃,21.5℃,6.4,0
2019-08-27,25.7℃,29.3℃,22.2℃,8.1,20.0mm
2019-08-28,26.1℃,30.2℃,23.6℃,5.9,0
2019-08-29,23.4℃,26.4℃,20.1℃,5.6,36.9mm
2019-08-30,22.6℃,27.0℃,19.5℃,5.3,0.2mm
2019-08-31,23.5℃,28.9℃,18.5℃,2.3,0
2019-09-01,23.7℃,27.8℃,19.2℃,6.1,0
2019-09-02,24.4℃,29.7℃,19.4℃,6.1,0
2019-09-03,24.1℃,28.0℃,22.0℃,8.5,0.0mm
2019-09-04,22.8℃,25.5℃,21.2℃,9.3,22.7mm
2019-09-05,23.0℃,27.6℃,21.5℃,9.0,36.4mm
2019-09-06,25.3℃,29.1℃,21.6℃,10.0,2.4mm
2019-09-07,25.7℃,29.5℃,22.6℃,10.0,2.8mm
2019-09-08,24.7℃,27.3℃,22.9℃,9.3,0.0mm
2019-09-09,25.1℃,28.0℃,22.4℃,9.3,0.0mm
2019-09-10,23.8℃,26.5℃,22.1℃,9.8,63.2mm
2019-09-11,24.3℃,28.7℃,20.4℃,7.9,7.6mm
2019-09-12,21.0℃,22.9℃,18.7℃,9.8,3.9mm
2019-09-13,23.3℃,29.3℃,18.3℃,4.3,0.1mm
2019-09-14,22.4℃,24.1℃,20.8℃,8.8,0.3mm
2019-09-15,24.2℃,30.0℃,19.5℃,5.5,0
2019-09-16,24.5℃,30.5℃,20.7℃,3.6,0
2019-09-17,23.5℃,29.0℃,18.0℃,6.4,0
2019-09-18,21.0℃,25.4℃,16.0℃,1.1,0
2019-09-19,19.5℃,26.0℃,13.6℃,3.5,0
2019-09-20,19.6℃,24.2℃,15.8℃,9.4,0
2019-09-21,19.6℃,22.1℃,18.3℃,9.6,0
2019-09-22,18.6℃,19.6℃,17.3℃,9.4,0.4mm
2019-09-23,20.0℃,24.6℃,16.9℃,3.1,0
2019-09-24,19.8℃,26.5℃,13.9℃,0.0,0
2019-09-25,20.9℃,27.4℃,14.8℃,5.9,0
2019-09-26,22.9℃,29.0℃,17.7℃,8.4,0
2019-09-27,22.9℃,27.0℃,19.6℃,8.6,0
2019-09-28,23.7℃,29.2℃,19.4℃,3.8,0
2019-09-29,22.6℃,28.6℃,17.9℃,0.3,0
2019-09-30,22.4℃,29.9℃,16.4℃,0.0,0
2019-10-01,23.1℃,28.2℃,17.6℃,6.8,0
2019-10-02,21.6℃,24.2℃,20.0℃,9.9,23.1mm
2019-10-03,22.4℃,27.3℃,19.8℃,6.3,4.6mm
2019-10-04,22.4℃,27.8℃,18.0℃,3.6,0
2019-10-05,18.7℃,21.9℃,14.7℃,7.0,0.6mm
2019-10-06,18.1℃,22.7℃,13.2℃,6.1,0
2019-10-07,14.8℃,17.9℃,13.3℃,9.5,25.4mm
2019-10-08,14.7℃,19.8℃,10.6℃,2.6,0
2019-10-09,13.6℃,20.4℃,7.7℃,1.9,0
2019-10-10,15.2℃,19.8℃,10.7℃,9.0,0
2019-10-11,18.8℃,26.1℃,13.0℃,0.9,0
2019-10-12,17.9℃,23.3℃,13.3℃,0.6,0
2019-10-13,17.2℃,23.8℃,12.1℃,2.1,0
2019-10-14,14.4℃,19.6℃,9.5℃,1.9,0
2019-10-15,14.5℃,20.4℃,8.8℃,3.0,0
2019-10-16,14.6℃,20.8℃,9.0℃,5.3,0
2019-10-17,15.4℃,21.6℃,11.2℃,4.8,0
2019-10-18,17.0℃,22.7℃,12.0℃,7.1,0
2019-10-19,17.0℃,23.1℃,12.1℃,0.8,0
2019-10-20,16.5℃,22.9℃,12.0℃,0.6,0
2019-10-21,17.1℃,24.6℃,10.9℃,2.1,0
2019-10-22,18.1℃,24.4℃,13.3℃,4.4,0
2019-10-23,17.0℃,20.7℃,14.3℃,8.0,0
2019-10-24,18.3℃,23.8℃,15.3℃,4.5,0
2019-10-25,16.7℃,22.0℃,13.1℃,6.6,0.0mm
2019-10-26,10.0℃,14.9℃,6.6℃,2.3,0
2019-10-27,11.0℃,17.4℃,4.7℃,0.9,0
2019-10-28,12.9℃,17.7℃,7.4℃,5.6,1.7mm
2019-10-29,12.5℃,17.6℃,8.2℃,1.6,0.1mm
2019-10-30,11.2℃,17.7℃,5.0℃,0.3,0
2019-10-31,14.8℃,19.7℃,8.4℃,4.6,0
2019-11-01,14.9℃,20.5℃,11.4℃,1.9,0
2019-11-02,13.6℃,18.7℃,8.3℃,8.1,0
2019-11-03,14.7℃,22.1℃,9.4℃,4.0,0
2019-11-04,13.8℃,20.3℃,9.2℃,0.0,0
2019-11-05,12.4℃,18.4℃,8.4℃,1.4,0
2019-11-06,11.0℃,16.5℃,6.3℃,5.0,0
2019-11-07,9.2℃,13.6℃,5.0℃,1.6,0
2019-11-08,6.8℃,13.0℃,1.1℃,0.0,0
2019-11-09,9.5℃,17.2℃,3.5℃,0.3,0
2019-11-10,10.0℃,15.3℃,6.2℃,8.9,11.8mm
2019-11-11,11.2℃,15.1℃,7.9℃,5.9,1.1mm
2019-11-12,9.3℃,14.5℃,4.8℃,3.6,0
2019-11-13,7.2℃,11.3℃,3.0℃,8.5,7.5mm
2019-11-14,1.3℃,5.0℃,-2.5℃,1.0,0
2019-11-15,5.6℃,7.6℃,1.4℃,8.1,18.8mm
2019-11-16,6.8℃,12.7℃,3.8℃,5.5,0
2019-11-17,8.3℃,10.5℃,5.6℃,9.3,21.1mm
2019-11-18,4.6℃,12.7℃,0.4℃,7.1,14.7mm
2019-11-19,0.2℃,4.0℃,-3.5℃,1.4,0.0mm
2019-11-20,0.5℃,6.3℃,-4.6℃,0.0,0
2019-11-21,4.2℃,9.0℃,-2.3℃,6.1,0
2019-11-22,9.7℃,17.3℃,3.0℃,1.4,0
2019-11-23,12.1℃,17.7℃,7.7℃,6.1,0
2019-11-24,9.8℃,15.6℃,4.6℃,7.1,3.8mm
2019-11-25,1.9℃,6.0℃,-1.2℃,4.4,0
2019-11-26,6.6℃,13.7℃,1.2℃,3.9,0
2019-11-27,3.1℃,6.8℃,0.3℃,4.0,0
2019-11-28,3.5℃,10.4℃,-0.6℃,1.8,0
2019-11-29,1.5℃,6.9℃,-3.4℃,0.9,0
2019-11-30,4.1℃,9.3℃,-1.4℃,6.0,0
2019-12-01,4.6℃,6.2℃,2.3℃,9.3,3.3mm
2019-12-02,-0.1℃,2.8℃,-3.2℃,2.4,0
2019-12-03,0.5℃,4.2℃,-5.0℃,6.3,0.6mm
2019-12-04,2.0℃,7.2℃,-2.0℃,1.0,0.0mm
2019-12-05,-4.4℃,-0.2℃,-8.5℃,0.0,0
2019-12-06,-5.9℃,-1.0℃,-10.6℃,0.6,0
2019-12-07,-2.4℃,1.2℃,-5.5℃,6.6,0.1mm
2019-12-08,-0.9℃,4.9℃,-5.5℃,1.1,0
2019-12-09,3.2℃,8.0℃,-1.3℃,7.9,0.0mm
2019-12-10,8.1℃,10.8℃,6.0℃,8.9,1.7mm
2019-12-11,6.3℃,9.8℃,0.1℃,5.9,0.2mm
2019-12-12,-0.7℃,3.4℃,-3.5℃,0.0,0
2019-12-13,2.1℃,5.9℃,-3.7℃,6.8,1.0mm
2019-12-14,2.7℃,6.4℃,-0.1℃,3.0,0.0mm
2019-12-15,5.3℃,11.0℃,0.4℃,2.9,0
2019-12-16,7.8℃,12.9℃,2.1℃,6.1,0
2019-12-17,7.7℃,10.2℃,3.2℃,8.6,9.8mm
2019-12-18,0.8℃,5.2℃,-1.7℃,3.5,0
2019-12-19,-0.8℃,3.1℃,-4.5℃,1.8,0.0mm
2019-12-20,-1.1℃,2.0℃,-3.5℃,1.4,0.0mm
2019-12-21,-1.2℃,1.5℃,-5.1℃,5.5,0.6mm
2019-12-22,4.1℃,8.4℃,0.3℃,7.8,0.3mm
2019-12-23,3.4℃,5.2℃,0.3℃,6.1,2.9mm
2019-12-24,0.8℃,6.5℃,-2.9℃,0.8,0
2019-12-25,2.0℃,6.6℃,-2.7℃,5.9,0
2019-12-26,2.0℃,4.1℃,-2.4℃,5.4,0.3mm
2019-12-27,-1.7℃,2.6℃,-4.6℃,0.0,0
2019-12-28,1.1℃,6.1℃,-3.6℃,3.5,0
2019-12-29,3.8℃,6.2℃,1.1℃,9.0,1.4mm
2019-12-30,2.7℃,6.8℃,-5.7℃,7.5,0.4mm
2019-12-31,-7.9℃,-4.5℃,-10.9℃,1.3,0.0mm
2020-01-01,-2.2℃,0.3℃,-6.5℃,8.9,0.1mm
2020-01-02,1.0℃,3.8℃,-0.7℃,7.9,0
2020-01-03,-0.1℃,4.6℃,-3.4℃,0.0,0
2020-01-04,1.2℃,6.1℃,-2.8℃,2.1,0
2020-01-05,1.3℃,6.6℃,-3.2℃,3.9,0
2020-01-06,3.1℃,4.6℃,0.6℃,9.8,1.8mm
2020-01-07,6.3℃,7.7℃,4.2℃,10.0,46.3mm
2020-01-08,2.4℃,8.9℃,-0.4℃,9.6,11.6mm
2020-01-09,-1.2℃,2.0℃,-3.1℃,1.6,0
2020-01-10,-0.6℃,4.2℃,-4.3℃,3.1,0
2020-01-11,-0.1℃,3.9℃,-2.6℃,3.6,0
2020-01-12,-1.0℃,2.8℃,-3.5℃,3.6,0
2020-01-13,-2.9℃,0.2℃,-4.7℃,1.4,0
2020-01-14,-2.3℃,2.6℃,-5.7℃,1.0,0
2020-01-15,-2.7℃,2.2℃,-6.4℃,0.1,0
2020-01-16,-1.7℃,3.2℃,-5.5℃,5.0,0
2020-01-17,-0.6℃,4.9℃,-4.8℃,4.8,0
2020-01-18,0.3℃,5.9℃,-4.1℃,2.1,0
2020-01-19,1.9℃,5.3℃,-0.4℃,4.8,0.6mm
2020-01-20,0.7℃,5.5℃,-3.3℃,2.3,0
2020-01-21,-0.4℃,5.5℃,-5.6℃,2.9,0
2020-01-22,3.0℃,7.8℃,-0.1℃,7.8,0
2020-01-23,4.6℃,9.9℃,0.0℃,3.4,0
2020-01-24,2.8℃,7.4℃,-1.3℃,3.0,0
2020-01-25,4.3℃,8.8℃,0.6℃,7.4,0
2020-01-26,5.5℃,11.9℃,-0.2℃,5.8,0
2020-01-27,5.9℃,7.5℃,4.8℃,9.5,0.1mm
2020-01-28,6.8℃,9.9℃,4.3℃,7.3,0.0mm
2020-01-29,6.0℃,9.6℃,3.2℃,6.6,0
2020-01-30,5.2℃,10.4℃,1.4℃,4.0,0
2020-01-31,3.9℃,8.9℃,1.4℃,4.8,0.0mm
2020-02-01,2.6℃,7.6℃,-1.2℃,3.4,0
2020-02-02,1.5℃,5.3℃,-2.1℃,6.1,0
2020-02-03,-0.4℃,3.0℃,-2.9℃,1.5,0.0mm
2020-02-04,-1.6℃,3.9℃,-6.0℃,3.9,1.7mm
2020-02-05,-8.3℃,-4.9℃,-11.0℃,0.0,0
2020-02-06,-6.4℃,0.4℃,-11.8℃,0.9,0
2020-02-07,-1.7℃,2.2℃,-7.2℃,8.9,0.0mm
2020-02-08,-0.1℃,3.7℃,-2.3℃,2.5,0.0mm
2020-02-09,-0.5℃,4.1℃,-5.6℃,2.8,0.0mm
2020-02-10,4.0℃,9.6℃,-0.7℃,1.1,0.0mm
2020-02-11,6.8℃,14.6℃,-0.5℃,2.3,0
2020-02-12,7.4℃,8.2℃,6.5℃,9.9,6.7mm
2020-02-13,6.5℃,8.7℃,4.9℃,9.1,0
2020-02-14,8.1℃,14.7℃,3.2℃,2.1,0
2020-02-15,9.8℃,15.6℃,6.2℃,5.8,2.0mm
2020-02-16,-1.4℃,7.7℃,-4.3℃,8.9,13.4mm
2020-02-17,-5.9℃,-3.9℃,-7.1℃,6.5,1.0mm
2020-02-18,-4.1℃,1.3℃,-8.3℃,0.0,0
2020-02-19,1.0℃,6.4℃,-4.4℃,6.0,0
2020-02-20,4.6℃,10.8℃,-0.6℃,2.5,0
2020-02-21,6.7℃,10.9℃,2.1℃,9.3,4.2mm
2020-02-22,4.0℃,7.9℃,0.0℃,5.9,3.1mm
2020-02-23,2.5℃,8.0℃,-2.5℃,0.9,0
2020-02-24,7.0℃,12.2℃,0.8℃,7.0,0
2020-02-25,6.7℃,9.4℃,4.7℃,7.5,16.6mm
2020-02-26,6.4℃,10.4℃,2.8℃,5.3,0.0mm
2020-02-27,6.1℃,12.5℃,1.3℃,2.6,0
2020-02-28,4.5℃,5.9℃,3.6℃,9.8,3.9mm
2020-02-29,7.7℃,13.0℃,4.5℃,3.0,0.5mm
2020-03-01,5.8℃,10.1℃,3.2℃,8.1,0.2mm
2020-03-02,3.4℃,7.6℃,0.0℃,1.6,0.0mm
2020-03-03,4.8℃,10.5℃,0.3℃,6.5,0
2020-03-04,2.2℃,4.6℃,-1.3℃,5.1,0.0mm
2020-03-05,1.4℃,6.3℃,-2.8℃,0.0,0
2020-03-06,3.7℃,10.1℃,-2.5℃,2.5,0
2020-03-07,7.0℃,14.2℃,1.3℃,5.4,0
2020-03-08,9.3℃,16.9℃,2.3℃,0.3,0
2020-03-09,11.1℃,17.6℃,4.8℃,6.5,0
2020-03-10,6.4℃,10.8℃,3.2℃,7.5,11.8mm
2020-03-11,3.8℃,8.3℃,0.0℃,0.0,0
2020-03-12,6.8℃,13.3℃,0.2℃,4.0,0
2020-03-13,4.9℃,8.7℃,-0.1℃,6.6,0.5mm
2020-03-14,3.6℃,8.6℃,-2.7℃,2.1,0
2020-03-15,4.0℃,8.5℃,0.2℃,3.1,0
2020-03-16,3.6℃,9.1℃,-2.1℃,1.0,0
2020-03-17,6.6℃,12.3℃,3.1℃,4.8,0
2020-03-18,10.0℃,17.0℃,2.7℃,0.0,0
2020-03-19,9.1℃,12.1℃,5.8℃,3.4,0.0mm
2020-03-20,8.8℃,14.0℃,3.1℃,0.4,0
2020-03-21,12.8℃,19.5℃,7.9℃,6.9,0
2020-03-22,11.0℃,16.5℃,6.1℃,0.1,0
2020-03-23,10.6℃,17.0℃,5.4℃,0.0,0
2020-03-24,11.4℃,17.9℃,5.3℃,0.0,0
2020-03-25,12.5℃,19.2℃,6.1℃,4.0,0
2020-03-26,14.8℃,20.6℃,8.1℃,6.9,1.8mm
2020-03-27,11.9℃,15.8℃,6.7℃,5.1,2.0mm
2020-03-28,7.7℃,12.8℃,4.5℃,5.1,0
2020-03-29,8.7℃,16.1℃,1.3℃,1.5,0
2020-03-30,10.2℃,16.9℃,4.3℃,0.9,0
2020-03-31,11.9℃,18.6℃,4.7℃,5.5,0
2020-04-01,11.3℃,17.4℃,6.0℃,3.5,0
2020-04-02,9.3℃,15.5℃,3.4℃,2.6,0
2020-04-03,10.0℃,16.3℃,5.3℃,1.3,0
2020-04-04,8.9℃,13.3℃,5.0℃,0.8,0
2020-04-05,7.2℃,13.7℃,1.9℃,0.0,0
2020-04-06,9.3℃,16.1℃,2.9℃,3.5,0
2020-04-07,10.6℃,16.8℃,6.0℃,2.1,0
2020-04-08,9.4℃,14.2℃,5.2℃,0.0,0
2020-04-09,8.9℃,14.7℃,4.3℃,1.3,0
2020-04-10,10.7℃,16.8℃,5.8℃,4.8,0
2020-04-11,9.9℃,16.0℃,6.2℃,4.8,0
2020-04-12,9.9℃,15.6℃,4.4℃,3.1,0
2020-04-13,12.4℃,20.4℃,4.3℃,1.9,0
2020-04-14,13.0℃,19.6℃,7.6℃,1.3,0
2020-04-15,13.2℃,20.2℃,7.2℃,5.4,0
2020-04-16,16.0℃,23.8℃,8.9℃,2.9,0
2020-04-17,12.5℃,15.4℃,10.4℃,9.1,6.5mm
2020-04-18,13.5℃,19.6℃,8.5℃,2.6,0
2020-04-19,12.3℃,15.5℃,9.5℃,9.5,10.3mm
2020-04-20,10.0℃,13.1℃,7.6℃,7.4,0.1mm
2020-04-21,7.4℃,10.4℃,4.8℃,3.6,0
2020-04-22,6.0℃,8.3℃,4.1℃,4.1,0.0mm
2020-04-23,7.9℃,12.8℃,2.9℃,1.6,0
2020-04-24,9.9℃,14.3℃,4.1℃,1.8,0
2020-04-25,13.1℃,17.1℃,9.9℃,3.3,0
2020-04-26,12.3℃,19.0℃,6.8℃,0.8,0
2020-04-27,12.9℃,18.3℃,8.7℃,3.4,0
2020-04-28,13.9℃,19.9℃,7.8℃,0.0,0
2020-04-29,14.9℃,21.0℃,9.3℃,0.4,0
2020-04-30,17.1℃,23.4℃,9.3℃,5.3,0
2020-05-01,20.2℃,26.2℃,16.4℃,6.6,0
2020-05-02,20.3℃,23.9℃,18.0℃,9.0,0.0mm
2020-05-03,21.8℃,27.4℃,17.0℃,7.0,0.0mm
2020-05-04,20.2℃,25.3℃,14.8℃,3.4,0
2020-05-05,16.0℃,19.3℃,13.1℃,5.4,0
2020-05-06,19.4℃,27.6℃,11.1℃,1.8,0
2020-05-07,20.7℃,26.5℃,14.9℃,6.8,0
2020-05-08,19.9℃,27.3℃,14.3℃,7.4,2.3mm
2020-05-09,14.2℃,16.8℃,12.7℃,10.0,24.4mm
2020-05-10,14.4℃,16.6℃,12.8℃,9.0,1.3mm
2020-05-11,16.5℃,22.0℃,12.4℃,8.1,3.4mm
2020-05-12,14.3℃,18.9℃,10.5℃,3.3,0.7mm
2020-05-13,16.1℃,21.8℃,10.2℃,0.6,0
2020-05-14,19.3℃,25.4℃,12.4℃,8.3,0
2020-05-15,16.1℃,20.2℃,14.1℃,10.0,12.0mm
2020-05-16,16.7℃,20.3℃,15.0℃,9.5,2.5mm
2020-05-17,19.1℃,24.9℃,14.6℃,7.1,0.0mm
2020-05-18,19.1℃,26.8℃,13.2℃,8.5,29.8mm
2020-05-19,13.0℃,17.1℃,10.1℃,7.6,19.0mm
2020-05-20,14.4℃,20.1℃,9.2℃,6.0,0.0mm
2020-05-21,17.4℃,22.9℃,10.9℃,4.8,0
2020-05-22,18.5℃,22.7℃,14.8℃,8.6,0.0mm
2020-05-23,20.1℃,25.0℃,16.6℃,7.4,0.0mm
2020-05-24,17.1℃,20.2℃,14.3℃,8.4,14.5mm
2020-05-25,16.6℃,21.3℃,13.7℃,8.1,0
2020-05-26,16.2℃,22.9℃,12.7℃,7.8,1.5mm
2020-05-27,17.4℃,23.9℃,11.8℃,1.5,0
2020-05-28,18.7℃,23.4℃,14.2℃,3.9,0.0mm
2020-05-29,20.7℃,27.6℃,14.6℃,1.3,0
2020-05-30,22.6℃,30.0℃,16.5℃,1.1,0
2020-05-31,21.2℃,28.0℃,17.6℃,8.5,1.0mm
2020-06-01,19.7℃,24.5℃,16.6℃,3.8,0.4mm
2020-06-02,17.9℃,21.8℃,14.8℃,9.3,2.0mm
2020-06-03,22.0℃,28.4℃,17.6℃,5.8,0
2020-06-04,21.9℃,26.5℃,19.7℃,8.4,0.2mm
2020-06-05,23.0℃,28.7℃,18.4℃,5.5,0
2020-06-06,24.6℃,30.9℃,19.2℃,2.3,0
2020-06-07,22.7℃,29.2℃,19.2℃,3.3,0
2020-06-08,25.0℃,32.0℃,19.8℃,3.0,0
2020-06-09,26.7℃,32.8℃,20.3℃,3.0,0
2020-06-10,25.8℃,32.1℃,22.5℃,9.0,6.2mm
2020-06-11,26.1℃,31.6℃,21.7℃,5.8,0.0mm
2020-06-12,24.7℃,27.6℃,21.6℃,8.1,0
2020-06-13,26.9℃,33.5℃,20.6℃,5.5,0.0mm
2020-06-14,24.0℃,28.8℃,20.1℃,4.4,1.1mm
2020-06-15,23.0℃,28.6℃,18.2℃,6.0,0
2020-06-16,24.4℃,30.7℃,20.0℃,6.0,0
2020-06-17,24.3℃,30.3℃,20.2℃,7.4,0
2020-06-18,23.4℃,27.3℃,20.3℃,9.0,0
2020-06-19,24.7℃,30.0℃,21.1℃,6.3,0.1mm
2020-06-20,24.9℃,29.7℃,20.7℃,0.9,0
2020-06-21,26.1℃,32.7℃,19.5℃,0.1,0
2020-06-22,28.6℃,35.4℃,21.7℃,1.6,0
2020-06-23,27.3℃,31.0℃,23.2℃,7.5,0.0mm
2020-06-24,22.3℃,26.3℃,19.9℃,10.0,37.6mm
2020-06-25,21.6℃,23.4℃,20.1℃,10.0,13.3mm
2020-06-26,21.8℃,25.7℃,19.2℃,8.3,2.1mm
2020-06-27,24.1℃,29.6℃,20.4℃,6.1,0.0mm
2020-06-28,25.2℃,30.1℃,21.5℃,1.9,0
2020-06-29,23.8℃,26.5℃,20.6℃,8.6,11.9mm
2020-06-30,20.1℃,23.1℃,18.4℃,10.0,64.7mm
2020-07-01,21.1℃,24.3℃,18.1℃,7.6,0.0mm
2020-07-02,24.2℃,29.8℃,20.4℃,6.6,0
2020-07-03,25.5℃,30.6℃,21.6℃,6.8,0.1mm
2020-07-04,24.2℃,29.5℃,20.4℃,7.6,1.6mm
2020-07-05,23.8℃,27.6℃,19.9℃,5.3,0
2020-07-06,25.6℃,30.9℃,21.8℃,7.4,0
2020-07-07,24.1℃,28.1℃,22.1℃,6.3,0.0mm
2020-07-08,25.5℃,30.4℃,21.3℃,2.9,0
2020-07-09,27.5℃,32.9℃,21.8℃,4.8,0
2020-07-10,24.5℃,27.7℃,22.7℃,6.6,2.2mm
2020-07-11,25.8℃,30.2℃,22.2℃,7.3,0
2020-07-12,23.5℃,26.0℃,21.7℃,9.1,2.9mm
2020-07-13,18.7℃,21.7℃,17.7℃,10.0,47.6mm
2020-07-14,20.3℃,24.3℃,17.2℃,9.9,11.5mm
2020-07-15,23.4℃,28.7℃,18.9℃,5.1,0
2020-07-16,25.0℃,29.7℃,20.4℃,4.1,0
2020-07-17,26.0℃,31.6℃,21.5℃,4.5,0.0mm
2020-07-18,26.1℃,31.0℃,22.8℃,5.4,0
2020-07-19,24.0℃,26.6℃,20.6℃,9.9,29.1mm
2020-07-20,23.8℃,26.6℃,22.4℃,9.6,3.6mm
2020-07-21,25.0℃,30.5℃,21.4℃,6.3,0.0mm
2020-07-22,23.7℃,25.7℃,22.6℃,9.8,11.5mm
2020-07-23,21.1℃,22.6℃,18.5℃,10.0,103.1mm
2020-07-24,22.5℃,26.8℃,18.7℃,9.3,2.9mm
2020-07-25,24.3℃,29.0℃,22.3℃,7.8,0.0mm
2020-07-26,25.4℃,29.6℃,21.6℃,7.4,0.0mm
2020-07-27,24.3℃,25.5℃,22.9℃,10.0,2.2mm
2020-07-28,24.4℃,26.4℃,22.7℃,9.9,0.4mm
2020-07-29,23.7℃,24.9℃,22.6℃,10.0,50.1mm
2020-07-30,25.3℃,28.4℃,23.4℃,8.3,0.1mm
2020-07-31,26.2℃,29.6℃,22.8℃,6.9,1.5mm
2020-08-01,25.3℃,26.9℃,24.3℃,9.8,39.1mm
2020-08-02,24.9℃,26.4℃,23.5℃,10.0,31.4mm
2020-08-03,25.0℃,26.3℃,23.9℃,10.0,102.6mm
2020-08-04,27.0℃,29.4℃,25.0℃,9.6,3.9mm
2020-08-05,26.5℃,29.1℃,25.5℃,9.8,18.5mm
2020-08-06,24.1℃,26.0℃,22.9℃,8.0,75.7mm
2020-08-07,24.3℃,26.1℃,22.6℃,9.0,0.0mm
2020-08-08,24.2℃,26.1℃,22.7℃,9.1,19.1mm
2020-08-09,24.9℃,25.8℃,23.7℃,9.8,50.3mm
2020-08-10,26.5℃,29.5℃,24.7℃,9.9,44.6mm
2020-08-11,24.6℃,27.3℃,22.4℃,9.5,97.0mm
2020-08-12,27.2℃,31.3℃,23.5℃,8.3,0
2020-08-13,28.0℃,30.3℃,26.3℃,8.5,0
2020-08-14,27.1℃,28.0℃,26.5℃,9.3,0.4mm
2020-08-15,26.1℃,27.0℃,25.0℃,9.3,69.0mm
2020-08-16,27.4℃,30.8℃,25.3℃,8.3,0
2020-08-17,28.2℃,32.2℃,26.1℃,4.4,0
2020-08-18,27.5℃,31.9℃,24.0℃,2.8,0
2020-08-19,27.1℃,31.4℃,23.6℃,2.3,0
2020-08-20,27.7℃,31.7℃,25.0℃,6.4,0
2020-08-21,26.6℃,29.2℃,25.2℃,8.8,2.5mm
2020-08-22,24.3℃,27.6℃,21.7℃,9.0,42.6mm
2020-08-23,25.3℃,29.9℃,21.5℃,6.0,0
2020-08-24,27.8℃,32.0℃,23.7℃,5.9,0
2020-08-25,29.9℃,34.5℃,26.0℃,5.9,0
2020-08-26,30.2℃,34.5℃,27.0℃,6.4,0.6mm
2020-08-27,27.1℃,28.6℃,25.6℃,9.9,8.7mm
2020-08-28,27.3℃,29.7℃,26.0℃,8.9,13.6mm
2020-08-29,26.8℃,29.0℃,25.5℃,8.4,13.6mm
2020-08-30,26.8℃,30.6℃,24.4℃,7.9,42.5mm
2020-08-31,26.4℃,30.0℃,23.8℃,8.8,0.0mm
2020-09-01,26.6℃,29.5℃,23.8℃,8.8,0.0mm
2020-09-02,24.3℃,26.4℃,22.6℃,9.6,33.3mm
2020-09-03,22.7℃,25.6℃,20.0℃,7.4,29.8mm
2020-09-04,23.3℃,27.5℃,19.9℃,1.6,0
2020-09-05,23.3℃,27.3℃,19.2℃,8.0,0
2020-09-06,21.7℃,24.4℃,19.5℃,9.4,6.4mm
2020-09-07,19.2℃,20.6℃,17.5℃,10.0,61.0mm
2020-09-08,23.4℃,26.5℃,20.6℃,5.4,0.0mm
2020-09-09,21.1℃,25.3℃,19.0℃,7.6,1.3mm
2020-09-10,22.8℃,27.0℃,18.8℃,6.3,3.9mm
2020-09-11,22.4℃,27.1℃,19.2℃,7.6,1.2mm
2020-09-12,20.2℃,23.2℃,18.1℃,9.5,5.7mm
2020-09-13,21.5℃,26.6℃,16.7℃,2.8,0
2020-09-14,21.3℃,24.9℃,17.6℃,4.6,0.0mm
2020-09-15,23.0℃,27.7℃,18.9℃,7.5,0
2020-09-16,22.5℃,24.9℃,21.3℃,9.4,0.3mm
2020-09-17,21.3℃,23.6℃,20.1℃,8.4,0
2020-09-18,21.5℃,25.8℃,18.1℃,3.1,0
2020-09-19,21.2℃,26.2℃,17.6℃,1.5,0.3mm
2020-09-20,19.7℃,24.9℃,15.6℃,0.0,0
2020-09-21,19.1℃,25.3℃,13.6℃,4.5,0
2020-09-22,20.2℃,25.6℃,15.5℃,3.1,0
2020-09-23,19.2℃,23.8℃,15.2℃,7.6,0
2020-09-24,20.6℃,25.4℃,16.8℃,6.6,0
2020-09-25,20.1℃,25.4℃,16.6℃,4.9,0
2020-09-26,19.3℃,24.8℃,14.8℃,4.0,0
2020-09-27,20.4℃,25.8℃,14.9℃,1.1,0
2020-09-28,20.7℃,26.5℃,15.7℃,1.1,0
2020-09-29,19.6℃,23.9℃,15.3℃,6.8,0
2020-09-30,19.6℃,25.7℃,16.2℃,7.1,38.3mm
2020-10-01,18.8℃,23.6℃,15.6℃,5.5,0
2020-10-02,19.2℃,21.9℃,16.3℃,9.1,0.0mm
2020-10-03,19.9℃,23.2℃,18.3℃,8.0,0.0mm
2020-10-04,16.6℃,21.8℃,10.6℃,7.1,0.0mm
2020-10-05,13.3℃,18.4℃,8.5℃,2.3,0
2020-10-06,14.2℃,19.7℃,9.3℃,2.5,0
2020-10-07,16.0℃,22.0℃,9.9℃,3.8,0
2020-10-08,17.2℃,23.1℃,12.1℃,0.1,0
2020-10-09,17.2℃,23.3℃,12.4℃,4.6,0
2020-10-10,16.9℃,21.5℃,12.3℃,5.3,0
2020-10-11,16.9℃,20.8℃,12.7℃,5.8,0
2020-10-12,16.2℃,21.3℃,12.1℃,2.6,0
2020-10-13,13.6℃,18.4℃,8.6℃,3.5,0
2020-10-14,12.8℃,18.0℃,8.5℃,6.6,0
2020-10-15,11.7℃,18.5℃,6.5℃,6.6,0
2020-10-16,11.8℃,15.4℃,8.6℃,7.6,0
2020-10-17,13.1℃,18.6℃,8.7℃,1.0,0
2020-10-18,13.6℃,20.2℃,7.2℃,0.5,0
2020-10-19,15.1℃,21.3℃,9.8℃,0.0,0
2020-10-20,15.2℃,21.7℃,9.9℃,0.4,0
2020-10-21,14.1℃,17.3℃,11.8℃,7.3,0
2020-10-22,13.5℃,18.2℃,8.4℃,4.6,0.0mm
2020-10-23,8.6℃,13.3℃,5.4℃,0.0,0
2020-10-24,8.7℃,14.0℃,3.2℃,0.0,0
2020-10-25,11.8℃,18.2℃,5.4℃,2.8,0
2020-10-26,12.9℃,19.0℃,8.0℃,1.6,0
2020-10-27,14.0℃,19.4℃,9.0℃,1.5,0
2020-10-28,13.8℃,18.2℃,8.6℃,3.8,0
2020-10-29,10.8℃,16.1℃,5.5℃,3.1,0
2020-10-30,11.9℃,19.6℃,5.8℃,0.4,0
2020-10-31,13.6℃,18.2℃,8.5℃,6.1,0
2020-11-01,13.7℃,15.0℃,11.6℃,8.6,13.6mm
2020-11-02,10.8℃,15.6℃,7.9℃,3.0,1.7mm
2020-11-03,5.1℃,8.6℃,2.7℃,1.5,0.5mm
2020-11-04,4.9℃,10.8℃,0.2℃,0.0,0
2020-11-05,9.6℃,15.9℃,3.4℃,5.3,0
2020-11-06,13.5℃,17.2℃,9.9℃,8.9,0
2020-11-07,14.6℃,18.1℃,12.2℃,3.6,0.1mm
2020-11-08,8.5℃,12.4℃,3.1℃,0.0,0
2020-11-09,5.5℃,8.9℃,0.7℃,2.4,0
2020-11-10,7.7℃,12.9℃,3.5℃,0.0,0
2020-11-11,9.3℃,16.5℃,3.5℃,0.0,0
2020-11-12,10.4℃,17.7℃,4.6℃,2.0,0
2020-11-13,12.2℃,17.6℃,8.5℃,3.0,0
2020-11-14,12.5℃,19.3℃,6.8℃,1.3,0
2020-11-15,11.1℃,14.9℃,8.2℃,3.4,0
2020-11-16,12.4℃,18.3℃,7.5℃,2.1,0
2020-11-17,15.9℃,20.0℃,11.7℃,7.4,0.1mm
2020-11-18,16.6℃,18.7℃,14.8℃,9.8,12.2mm
2020-11-19,13.6℃,19.1℃,6.9℃,9.8,86.9mm
2020-11-20,2.8℃,7.0℃,0.3℃,6.6,0.0mm
2020-11-21,6.5℃,12.8℃,-0.3℃,6.1,0.2mm
2020-11-22,5.6℃,9.1℃,1.5℃,7.8,4.8mm
2020-11-23,1.7℃,5.9℃,-1.5℃,0.3,0
2020-11-24,2.9℃,6.4℃,0.2℃,6.1,0
2020-11-25,4.6℃,9.5℃,0.0℃,5.4,0
2020-11-26,5.6℃,10.9℃,1.9℃,5.5,0
2020-11-27,4.1℃,7.7℃,0.6℃,4.9,0.0mm
2020-11-28,-0.1℃,2.8℃,-2.3℃,2.9,0
2020-11-29,-0.6℃,2.6℃,-3.6℃,4.1,0
2020-11-30,-0.2℃,4.3℃,-3.6℃,0.0,0
2020-12-01,1.1℃,6.7℃,-3.6℃,4.4,0
2020-12-02,2.4℃,6.1℃,0.5℃,6.6,0
2020-12-03,0.7℃,4.2℃,-2.3℃,1.0,0
2020-12-04,-0.6℃,4.4℃,-4.6℃,0.9,0
2020-12-05,2.1℃,6.6℃,-2.2℃,5.6,0
2020-12-06,4.5℃,9.1℃,1.2℃,4.3,0
2020-12-07,3.4℃,6.3℃,-0.7℃,3.8,0
2020-12-08,-0.5℃,4.1℃,-3.5℃,0.4,0
2020-12-09,1.5℃,6.2℃,-4.1℃,4.5,0
2020-12-10,5.8℃,9.3℃,3.2℃,7.8,0.0mm
2020-12-11,5.3℃,9.4℃,2.6℃,6.5,0
2020-12-12,2.3℃,6.1℃,-0.3℃,1.8,0
2020-12-13,-1.1℃,2.0℃,-6.0℃,5.4,2.9mm
2020-12-14,-7.7℃,-5.0℃,-9.7℃,0.0,0
2020-12-15,-8.3℃,-4.6℃,-11.1℃,0.0,0
2020-12-16,-8.3℃,-3.9℃,-11.2℃,0.0,0
2020-12-17,-4.9℃,0.8℃,-11.1℃,2.3,0.0mm
2020-12-18,-2.1℃,1.8℃,-6.4℃,4.1,0.2mm
2020-12-19,-5.1℃,-1.2℃,-9.6℃,1.4,0
2020-12-20,-3.7℃,1.1℃,-8.2℃,0.0,0
2020-12-21,-1.0℃,4.7℃,-6.0℃,0.9,0
2020-12-22,2.0℃,7.2℃,-2.5℃,4.8,0
2020-12-23,4.5℃,8.5℃,-0.4℃,7.8,0.0mm
2020-12-24,2.6℃,6.1℃,-2.0℃,1.3,0
2020-12-25,-0.8℃,3.5℃,-4.7℃,0.1,0
2020-12-26,2.2℃,8.0℃,-2.1℃,3.0,0
2020-12-27,5.8℃,10.0℃,1.4℃,7.5,0.0mm
2020-12-28,6.7℃,11.4℃,4.2℃,5.3,1.3mm
2020-12-29,0.1℃,4.3℃,-6.2℃,8.5,0.2mm
2020-12-30,-10.9℃,-6.2℃,-12.9℃,0.8,0
2020-12-31,-8.9℃,-5.0℃,-12.9℃,0.4,0.0mm
2021-01-01,-4.2℃,1.6℃,-9.8℃,3.9,0
2021-01-02,-5.0℃,-1.4℃,-8.4℃,0.0,0
2021-01-03,-5.6℃,-2.0℃,-9.1℃,2.9,0
2021-01-04,-3.5℃,0.3℃,-8.4℃,4.8,0.0mm
2021-01-05,-5.5℃,-2.1℃,-9.9℃,2.6,0.0mm
2021-01-06,-7.4℃,-1.9℃,-12.0℃,3.6,2.3mm
2021-01-07,-14.5℃,-8.4℃,-16.5℃,0.9,0
2021-01-08,-14.9℃,-10.7℃,-18.6℃,0.0,0
2021-01-09,-12.2℃,-7.5℃,-16.6℃,0.8,0
2021-01-10,-7.7℃,-2.7℃,-12.8℃,3.0,0
2021-01-11,-6.7℃,-4.0℃,-9.6℃,6.9,0
2021-01-12,-3.9℃,-0.5℃,-9.3℃,6.1,2.6mm
2021-01-13,2.0℃,8.3℃,-3.0℃,3.0,0.0mm
2021-01-14,1.7℃,7.0℃,-3.6℃,0.0,0
2021-01-15,4.5℃,9.9℃,-0.7℃,8.5,0.2mm
2021-01-16,-4.9℃,-0.7℃,-8.7℃,0.8,0
2021-01-17,-5.5℃,-1.3℃,-10.8℃,2.3,0.0mm
2021-01-18,-3.8℃,0.2℃,-9.1℃,4.3,0.3mm
2021-01-19,-6.3℃,-0.2℃,-11.6℃,0.0,0
2021-01-20,-0.1℃,7.1℃,-6.6℃,1.9,0
2021-01-21,4.5℃,7.0℃,2.5℃,9.6,9.2mm
2021-01-22,5.5℃,6.6℃,4.8℃,9.5,0.1mm
2021-01-23,7.6℃,12.2℃,4.8℃,6.5,0
2021-01-24,7.3℃,13.9℃,2.4℃,3.4,0
2021-01-25,7.9℃,13.9℃,3.0℃,6.3,0
2021-01-26,5.3℃,7.4℃,1.7℃,8.4,1.7mm
2021-01-27,1.7℃,6.5℃,-1.8℃,6.4,0
2021-01-28,-2.6℃,1.4℃,-9.7℃,5.1,2.0mm
2021-01-29,-8.8℃,-4.9℃,-11.6℃,0.3,0
2021-01-30,-1.6℃,5.2℃,-8.1℃,3.9,0.5mm
2021-01-31,3.2℃,8.7℃,-3.8℃,4.8,0
2021-02-01,5.0℃,9.5℃,-2.3℃,7.6,0.7mm
2021-02-02,-5.6℃,-2.4℃,-8.2℃,1.8,0.0mm
2021-02-03,-3.2℃,1.4℃,-9.4℃,5.0,3.4mm
2021-02-04,-3.6℃,0.7℃,-7.4℃,0.1,0.1mm
2021-02-05,1.4℃,6.7℃,-4.4℃,6.0,0
2021-02-06,6.8℃,9.5℃,4.3℃,9.0,0
2021-02-07,3.6℃,7.7℃,-2.6℃,4.4,0
2021-02-08,-3.1℃,0.2℃,-5.4℃,0.0,0
2021-02-09,-0.9℃,4.7℃,-6.1℃,0.1,0
2021-02-10,3.4℃,7.2℃,-1.5℃,6.3,0
2021-02-11,5.5℃,10.9℃,1.3℃,5.3,0
2021-02-12,6.5℃,14.0℃,0.6℃,4.0,0
2021-02-13,7.6℃,15.9℃,1.0℃,1.1,0
2021-02-14,9.5℃,13.8℃,6.4℃,8.1,0.0mm
2021-02-15,1.2℃,8.2℃,-5.2℃,5.8,1.4mm
2021-02-16,-5.1℃,-1.3℃,-7.0℃,4.0,1.5mm
2021-02-17,-8.3℃,-5.2℃,-10.4℃,1.6,0.0mm
2021-02-18,-5.8℃,-0.4℃,-10.6℃,0.0,0
2021-02-19,1.6℃,8.9℃,-7.1℃,3.3,0
2021-02-20,8.8℃,14.9℃,5.5℃,2.4,0
2021-02-21,10.8℃,17.4℃,4.7℃,0.8,0
2021-02-22,7.8℃,12.6℃,0.4℃,2.6,0
2021-02-23,0.0℃,4.3℃,-3.1℃,3.3,0
2021-02-24,2.9℃,10.1℃,-3.0℃,6.5,0
2021-02-25,4.2℃,8.2℃,0.7℃,8.1,0
2021-02-26,8.2℃,15.8℃,0.5℃,4.5,0
2021-02-27,9.5℃,16.2℃,4.3℃,3.5,0
2021-02-28,7.8℃,10.8℃,3.2℃,6.1,0
2021-03-01,4.7℃,9.0℃,0.5℃,10.0,67.5mm
2021-03-02,2.3℃,6.9℃,0.2℃,5.5,0.1mm
2021-03-03,4.4℃,9.9℃,-1.2℃,4.5,0
2021-03-04,7.2℃,13.0℃,2.5℃,6.3,0
2021-03-05,9.0℃,16.2℃,3.0℃,1.3,0
2021-03-06,6.6℃,11.6℃,3.2℃,4.9,0
2021-03-07,6.2℃,12.2℃,2.1℃,3.5,0
2021-03-08,7.0℃,13.9℃,1.5℃,0.0,0
2021-03-09,6.6℃,12.2℃,2.1℃,4.3,0
2021-03-10,8.8℃,17.1℃,1.7℃,0.4,0
2021-03-11,10.2℃,17.1℃,4.7℃,6.4,0
2021-03-12,10.5℃,14.9℃,7.2℃,7.0,0.0mm
2021-03-13,9.2℃,14.2℃,4.6℃,5.0,0
2021-03-14,9.1℃,14.7℃,4.9℃,3.5,0
2021-03-15,10.6℃,15.7℃,5.1℃,8.9,1.7mm
2021-03-16,8.4℃,13.1℃,4.9℃,1.9,1.3mm
2021-03-17,8.8℃,17.5℃,1.8℃,0.3,0
2021-03-18,11.7℃,18.4℃,5.0℃,5.0,0
2021-03-19,15.3℃,20.2℃,11.4℃,6.8,0
2021-03-20,9.9℃,14.7℃,7.4℃,9.8,5.1mm
2021-03-21,5.8℃,8.6℃,3.1℃,6.8,0.3mm
2021-03-22,6.2℃,11.1℃,1.1℃,0.4,0
2021-03-23,9.1℃,16.4℃,2.5℃,0.3,0
2021-03-24,10.8℃,16.9℃,5.7℃,4.3,0
2021-03-25,11.9℃,19.0℃,6.8℃,2.4,0
2021-03-26,12.6℃,20.6℃,4.8℃,5.5,0
2021-03-27,12.1℃,15.0℃,10.2℃,9.6,25.5mm
2021-03-28,9.0℃,13.0℃,7.7℃,10.0,9.2mm
2021-03-29,10.2℃,14.6℃,7.3℃,5.5,0.2mm
2021-03-30,10.8℃,18.2℃,4.1℃,0.6,0
2021-03-31,14.5℃,22.9℃,5.9℃,3.8,0
2021-04-01,17.7℃,24.0℃,12.0℃,5.3,0
2021-04-02,17.8℃,23.0℃,12.5℃,8.1,0.0mm
2021-04-03,14.9℃,18.0℃,10.9℃,9.9,56.2mm
2021-04-04,11.9℃,15.8℃,9.0℃,6.3,0.6mm
2021-04-05,11.9℃,19.3℃,5.4℃,2.3,0
2021-04-06,13.9℃,19.2℃,9.4℃,2.4,0
2021-04-07,14.1℃,20.4℃,8.1℃,0.0,0
2021-04-08,13.0℃,18.0℃,7.2℃,0.0,0
2021-04-09,13.6℃,19.6℃,7.6℃,0.6,0
2021-04-10,12.6℃,18.8℃,7.7℃,0.5,0
2021-04-11,15.0℃,21.8℃,7.5℃,3.5,0
2021-04-12,13.8℃,17.8℃,11.9℃,9.8,22.0mm
2021-04-13,10.4℃,13.5℃,5.7℃,6.6,8.0mm
2021-04-14,8.4℃,13.3℃,3.1℃,0.3,0
2021-04-15,11.6℃,18.3℃,6.3℃,4.9,0
2021-04-16,11.3℃,14.8℃,8.1℃,6.9,0.7mm
2021-04-17,9.6℃,14.6℃,6.0℃,3.8,0.0mm
2021-04-18,9.9℃,15.3℃,5.6℃,0.9,0
2021-04-19,12.2℃,19.4℃,5.8℃,0.0,0
2021-04-20,14.8℃,22.0℃,8.1℃,2.9,0
2021-04-21,19.1℃,28.2℃,10.3℃,3.9,0
2021-04-22,20.9℃,27.5℃,16.1℃,8.9,0
2021-04-23,19.0℃,21.7℃,17.0℃,9.6,0.0mm
2021-04-24,18.3℃,22.2℃,15.3℃,6.8,0.0mm
2021-04-25,18.2℃,24.0℃,12.6℃,1.1,0
2021-04-26,16.2℃,20.6℃,12.3℃,4.5,0
2021-04-27,15.4℃,20.0℃,12.5℃,9.4,1.7mm
2021-04-28,14.5℃,18.2℃,11.2℃,7.9,4.7mm
2021-04-29,14.6℃,20.1℃,10.9℃,7.6,3.9mm
2021-04-30,11.3℃,14.6℃,8.6℃,9.5,26.3mm
2021-05-01,10.2℃,15.3℃,8.5℃,9.4,8.0mm
2021-05-02,12.4℃,18.7℃,7.3℃,2.6,1.7mm
2021-05-03,14.1℃,20.3℃,8.4℃,3.8,0
2021-05-04,13.8℃,15.8℃,11.4℃,9.6,19.6mm
2021-05-05,13.9℃,18.4℃,10.3℃,2.6,0.1mm
2021-05-06,15.7℃,23.1℃,7.9℃,4.8,0
2021-05-07,14.4℃,17.2℃,10.7℃,3.1,8.8mm
2021-05-08,14.3℃,21.0℃,8.9℃,1.1,0
2021-05-09,15.7℃,21.8℃,10.0℃,0.3,0
2021-05-10,13.2℃,14.6℃,11.7℃,8.4,0.0mm
2021-05-11,18.5℃,25.7℃,9.4℃,6.0,0
2021-05-12,22.0℃,27.7℃,16.9℃,4.5,0
2021-05-13,22.9℃,29.6℃,16.6℃,0.0,0
2021-05-14,24.1℃,30.8℃,18.0℃,7.1,0
2021-05-15,22.1℃,26.2℃,20.8℃,9.8,15.0mm
2021-05-16,18.4℃,20.8℃,14.8℃,10.0,66.9mm
2021-05-17,15.3℃,16.7℃,14.2℃,9.0,3.1mm
2021-05-18,17.9℃,24.5℃,13.6℃,4.4,0
2021-05-19,19.9℃,26.6℃,12.4℃,2.6,0
2021-05-20,18.7℃,22.9℃,15.6℃,9.9,0.9mm
2021-05-21,16.0℃,18.2℃,14.2℃,9.5,6.9mm
2021-05-22,18.6℃,23.8℃,13.8℃,1.5,0.2mm
2021-05-23,19.5℃,25.1℃,14.3℃,6.9,0
2021-05-24,19.4℃,24.5℃,16.4℃,3.3,0
2021-05-25,15.3℃,19.3℃,11.9℃,5.3,8.3mm
2021-05-26,18.0℃,23.0℃,11.5℃,7.6,0.0mm
2021-05-27,15.8℃,18.7℃,13.9℃,6.5,8.9mm
2021-05-28,15.3℃,19.7℃,12.4℃,8.6,12.3mm
2021-05-29,15.4℃,19.1℃,12.8℃,5.1,0.3mm
2021-05-30,18.4℃,26.3℃,10.8℃,3.9,18.1mm
2021-05-31,19.9℃,23.8℃,16.5℃,7.4,4.0mm
2021-06-01,20.2℃,23.9℃,15.9℃,8.1,3.2mm
2021-06-02,23.2℃,29.7℃,16.6℃,3.4,0
2021-06-03,19.1℃,22.7℃,14.6℃,9.6,18.1mm
2021-06-04,18.5℃,23.6℃,13.3℃,2.6,0
2021-06-05,20.8℃,25.7℃,17.0℃,3.0,0
2021-06-06,23.0℃,28.2℃,18.4℃,3.8,0
2021-06-07,21.1℃,24.0℃,19.4℃,7.8,0.0mm
2021-06-08,23.6℃,29.5℃,18.8℃,5.4,0.1mm
2021-06-09,25.8℃,31.6℃,19.5℃,3.4,0
2021-06-10,24.9℃,29.8℃,20.5℃,8.5,6.1mm
2021-06-11,21.5℃,24.4℃,19.9℃,6.4,4.6mm
2021-06-12,24.2℃,30.2℃,18.2℃,5.0,0
2021-06-13,24.8℃,29.7℃,20.9℃,3.5,0
2021-06-14,24.8℃,30.2℃,18.9℃,6.8,0
2021-06-15,22.5℃,25.3℃,21.5℃,7.0,1.9mm
2021-06-16,24.3℃,28.9℃,20.3℃,2.5,0
2021-06-17,21.9℃,25.0℃,19.6℃,9.4,0.0mm
2021-06-18,20.0℃,21.4℃,19.0℃,9.8,6.3mm
2021-06-19,22.3℃,27.4℃,17.5℃,4.1,0
2021-06-20,22.9℃,29.0℃,17.6℃,3.1,0
2021-06-21,23.6℃,28.5℃,19.2℃,3.3,0
2021-06-22,22.8℃,28.6℃,19.7℃,6.8,0.0mm
2021-06-23,22.4℃,27.9℃,18.8℃,4.4,7.5mm
2021-06-24,23.0℃,28.0℃,18.5℃,3.0,0
2021-06-25,24.1℃,29.5℃,19.5℃,4.0,0
2021-06-26,22.8℃,26.7℃,19.9℃,7.3,4.5mm
2021-06-27,24.5℃,30.8℃,19.8℃,5.4,38.2mm
2021-06-28,23.7℃,29.2℃,21.0℃,8.1,0.1mm
2021-06-29,23.9℃,28.4℃,21.3℃,6.5,8.0mm
2021-06-30,24.3℃,28.8℃,21.0℃,6.1,6.0mm
2021-07-01,26.3℃,31.0℃,21.4℃,2.3,0
2021-07-02,27.1℃,31.8℃,23.6℃,5.8,0
2021-07-03,22.6℃,25.7℃,19.6℃,8.5,60.0mm
2021-07-04,21.4℃,23.1℃,19.8℃,9.9,21.4mm
2021-07-05,23.3℃,26.9℃,20.1℃,8.9,0
2021-07-06,25.3℃,30.1℃,21.0℃,7.0,0
2021-07-07,26.4℃,29.1℃,23.9℃,9.4,12.7mm
2021-07-08,26.0℃,29.8℃,23.8℃,7.1,2.9mm
2021-07-09,25.5℃,29.2℃,23.6℃,6.5,0.0mm
2021-07-10,25.9℃,29.2℃,23.1℃,7.4,0.5mm
2021-07-11,25.7℃,27.5℃,24.1℃,7.8,0.4mm
2021-07-12,28.1℃,32.5℃,23.8℃,6.6,0
2021-07-13,28.8℃,31.5℃,26.3℃,6.8,0
2021-07-14,29.7℃,33.5℃,26.1℃,7.0,0
2021-07-15,29.1℃,34.5℃,25.9℃,5.1,0.0mm
2021-07-16,28.8℃,35.2℃,24.2℃,3.5,0
2021-07-17,29.1℃,32.8℃,24.7℃,4.8,0.0mm
2021-07-18,29.6℃,34.1℃,25.7℃,5.6,0
2021-07-19,26.4℃,30.5℃,24.0℃,6.9,67.4mm
2021-07-20,27.9℃,31.8℃,23.6℃,7.6,0.0mm
2021-07-21,30.5℃,35.3℃,25.3℃,3.5,0
2021-07-22,31.2℃,35.9℃,26.5℃,4.0,0
2021-07-23,31.2℃,35.8℃,27.2℃,2.3,0
2021-07-24,31.7℃,36.5℃,26.9℃,3.0,0
2021-07-25,31.5℃,35.9℃,27.2℃,4.9,0
2021-07-26,31.2℃,35.4℃,27.4℃,1.6,0
2021-07-27,31.1℃,35.7℃,27.8℃,3.9,0
2021-07-28,30.4℃,34.7℃,27.1℃,3.8,0.0mm
2021-07-29,29.6℃,33.3℃,27.0℃,6.8,0
2021-07-30,30.5℃,35.4℃,25.8℃,6.5,0
2021-07-31,29.8℃,34.3℃,26.8℃,6.9,3.0mm
2021-08-01,27.1℃,28.8℃,25.1℃,9.8,21.0mm
2021-08-02,26.5℃,28.6℃,25.0℃,9.0,1.7mm
2021-08-03,28.0℃,31.4℃,24.1℃,6.1,0.0mm
2021-08-04,28.9℃,33.2℃,26.3℃,5.9,0
2021-08-05,29.4℃,33.7℃,25.6℃,4.6,0
2021-08-06,28.1℃,32.2℃,26.0℃,7.4,0
2021-08-07,28.0℃,32.3℃,23.4℃,3.3,0
2021-08-08,26.8℃,32.1℃,24.4℃,8.1,12.7mm
2021-08-09,28.3℃,33.6℃,23.3℃,5.6,0
2021-08-10,27.7℃,32.2℃,24.3℃,4.5,0
2021-08-11,27.4℃,31.6℃,24.1℃,5.8,0.0mm
2021-08-12,26.8℃,31.7℃,24.0℃,5.9,0.0mm
2021-08-13,26.6℃,30.1℃,23.4℃,8.0,0
2021-08-14,26.1℃,30.5℃,23.4℃,6.5,0
2021-08-15,26.9℃,32.4℃,21.7℃,1.8,0
2021-08-16,27.3℃,32.8℃,22.5℃,3.8,0.0mm
2021-08-17,25.9℃,31.3℃,21.9℃,5.5,9.3mm
2021-08-18,24.3℃,31.0℃,20.6℃,5.3,5.6mm
2021-08-19,26.0℃,31.5℃,21.0℃,4.0,0
2021-08-20,26.6℃,30.7℃,22.6℃,6.9,0.0mm
2021-08-21,23.8℃,25.5℃,21.0℃,8.8,62.8mm
2021-08-22,24.4℃,27.0℃,22.4℃,8.6,0.0mm
2021-08-23,22.4℃,24.0℃,21.0℃,9.5,7.4mm
2021-08-24,23.4℃,26.4℃,21.1℃,10.0,10.5mm
2021-08-25,25.0℃,27.3℃,23.5℃,8.4,0.3mm
2021-08-26,25.5℃,27.9℃,22.9℃,8.1,0.7mm
2021-08-27,22.4℃,25.5℃,20.4℃,9.1,0.9mm
2021-08-28,23.6℃,28.2℃,19.7℃,8.4,0
2021-08-29,23.7℃,26.3℃,21.9℃,8.6,0.9mm
2021-08-30,24.2℃,27.7℃,21.2℃,8.3,0.0mm
2021-08-31,20.5℃,23.1℃,18.1℃,9.9,77.4mm
2021-09-01,21.4℃,23.9℃,18.5℃,9.3,0.8mm
2021-09-02,23.5℃,26.7℃,20.7℃,8.3,0
2021-09-03,24.3℃,29.2℃,20.6℃,1.9,0
2021-09-04,23.2℃,28.6℃,18.5℃,4.4,0
2021-09-05,23.1℃,27.3℃,19.4℃,5.8,0
2021-09-06,22.3℃,26.4℃,18.0℃,8.9,12.0mm
2021-09-07,19.6℃,20.9℃,17.6℃,10.0,29.6mm
2021-09-08,22.2℃,26.9℃,19.0℃,4.5,1.6mm
2021-09-09,23.5℃,29.1℃,19.1℃,6.5,0
2021-09-10,23.6℃,28.9℃,19.5℃,3.9,0
2021-09-11,24.0℃,29.4℃,19.9℃,2.0,0
2021-09-12,24.2℃,29.8℃,19.2℃,1.9,0
2021-09-13,24.8℃,30.3℃,20.8℃,6.9,0
2021-09-14,24.6℃,29.5℃,20.0℃,2.4,0
2021-09-15,23.6℃,28.9℃,19.5℃,0.6,0
2021-09-16,22.9℃,27.3℃,18.0℃,5.1,0
2021-09-17,23.5℃,28.2℃,20.5℃,3.8,0
2021-09-18,23.9℃,29.8℃,18.9℃,2.3,0
2021-09-19,23.7℃,27.8℃,20.8℃,6.3,0
2021-09-20,23.7℃,28.4℃,19.0℃,5.9,0
2021-09-21,22.0℃,26.2℃,17.4℃,8.0,68.1mm
2021-09-22,20.2℃,24.3℃,16.8℃,4.1,4.5mm
2021-09-23,20.9℃,25.9℃,16.9℃,3.4,0
2021-09-24,21.8℃,26.9℃,16.7℃,1.5,0
2021-09-25,21.2℃,23.1℃,18.7℃,8.6,0
2021-09-26,22.6℃,27.3℃,18.4℃,6.8,0
2021-09-27,21.6℃,25.0℃,18.7℃,8.3,0.0mm
2021-09-28,21.5℃,24.4℃,19.6℃,9.8,1.3mm
2021-09-29,20.2℃,21.4℃,17.8℃,7.6,13.1mm
2021-09-30,20.3℃,25.9℃,16.0℃,2.0,0
2021-10-01,21.1℃,27.5℃,16.9℃,2.9,13.3mm
2021-10-02,20.7℃,26.6℃,16.4℃,4.0,0
2021-10-03,22.3℃,28.8℃,17.1℃,2.0,0
2021-10-04,22.9℃,25.6℃,19.2℃,9.5,3.6mm
2021-10-05,23.6℃,26.5℃,21.7℃,8.1,0.0mm
2021-10-06,18.8℃,21.7℃,17.9℃,9.0,6.4mm
2021-10-07,19.4℃,21.9℃,17.9℃,9.4,4.6mm
2021-10-08,18.8℃,20.0℃,17.5℃,9.5,3.5mm
2021-10-09,20.9℃,24.1℃,18.5℃,6.8,0.4mm
2021-10-10,19.9℃,24.3℃,14.9℃,9.8,14.2mm
2021-10-11,15.2℃,17.8℃,12.6℃,8.3,0.3mm
2021-10-12,17.9℃,21.3℃,15.8℃,6.9,0
2021-10-13,19.6℃,25.2℃,14.9℃,2.1,0
2021-10-14,19.7℃,23.9℃,17.4℃,5.8,0
2021-10-15,19.0℃,21.4℃,17.0℃,9.6,0.0mm
2021-10-16,10.7℃,18.1℃,4.2℃,6.1,0.0mm
2021-10-17,5.6℃,10.8℃,1.3℃,0.0,0
2021-10-18,9.6℃,16.1℃,2.8℃,6.6,5.6mm
2021-10-19,10.9℃,15.0℃,7.1℃,4.0,4.4mm
2021-10-20,9.5℃,15.8℃,4.6℃,0.3,0
2021-10-21,9.8℃,16.2℃,4.9℃,3.3,0
2021-10-22,10.8℃,17.2℃,5.2℃,0.8,0
2021-10-23,11.4℃,18.4℃,5.7℃,0.3,0
2021-10-24,11.4℃,18.1℃,6.0℃,0.3,0
2021-10-25,11.7℃,17.6℃,6.3℃,0.8,0
2021-10-26,13.0℃,19.0℃,7.7℃,3.6,0
2021-10-27,13.4℃,18.1℃,9.8℃,2.5,0.0mm
2021-10-28,12.7℃,20.0℃,7.1℃,0.0,0
2021-10-29,14.6℃,20.6℃,10.5℃,4.6,0
2021-10-30,13.8℃,18.0℃,11.0℃,6.1,0
2021-10-31,14.1℃,20.3℃,9.2℃,3.8,0.7mm
2021-11-01,12.9℃,16.9℃,10.3℃,3.0,0
2021-11-02,11.5℃,16.9℃,7.9℃,4.0,0
2021-11-03,12.1℃,17.1℃,7.6℃,3.0,0
2021-11-04,12.1℃,16.3℃,8.4℃,2.4,0.0mm
2021-11-05,13.0℃,20.2℃,7.8℃,0.6,0
2021-11-06,14.1℃,21.3℃,8.8℃,1.3,0
2021-11-07,15.3℃,21.3℃,9.7℃,7.0,0
2021-11-08,8.6℃,15.5℃,4.5℃,9.9,25.7mm
2021-11-09,4.9℃,6.5℃,3.0℃,8.1,2.0mm
2021-11-10,4.2℃,7.7℃,0.7℃,7.4,0.3mm
2021-11-11,5.3℃,9.7℃,2.1℃,3.0,0.0mm
2021-11-12,4.5℃,8.6℃,1.3℃,1.3,0
2021-11-13,7.3℃,13.4℃,0.5℃,4.5,0
2021-11-14,11.3℃,16.4℃,7.8℃,3.4,0
2021-11-15,10.1℃,15.7℃,5.8℃,3.6,0
2021-11-16,8.5℃,13.6℃,4.4℃,0.0,0
2021-11-17,7.5℃,12.5℃,2.7℃,3.5,0
2021-11-18,11.9℃,16.2℃,7.7℃,7.5,0.0mm
2021-11-19,12.9℃,16.7℃,10.2℃,6.5,0
2021-11-20,10.4℃,15.6℃,6.8℃,3.3,0
2021-11-21,10.4℃,13.1℃,7.6℃,8.9,5.9mm
2021-11-22,2.7℃,7.5℃,-0.6℃,3.3,1.3mm
2021-11-23,-0.6℃,2.3℃,-3.7℃,2.9,0
2021-11-24,4.1℃,9.1℃,-2.6℃,3.9,0.0mm
2021-11-25,5.7℃,9.9℃,2.6℃,1.9,0
2021-11-26,2.9℃,7.2℃,-0.5℃,1.4,0.0mm
2021-11-27,3.4℃,10.1℃,-1.4℃,0.0,0
2021-11-28,5.1℃,12.4℃,-1.3℃,4.0,0
2021-11-29,7.6℃,13.7℃,2.5℃,7.0,0
2021-11-30,5.7℃,8.9℃,0.7℃,9.0,27.2mm
2021-12-01,-1.3℃,1.5℃,-3.0℃,0.6,0
2021-12-02,1.3℃,5.0℃,-4.6℃,4.5,0.1mm
2021-12-03,1.9℃,4.6℃,-1.8℃,1.4,0.4mm
2021-12-04,1.4℃,7.0℃,-2.7℃,1.0,0
2021-12-05,2.9℃,9.6℃,-2.3℃,0.0,0
2021-12-06,5.4℃,12.1℃,-0.7℃,4.1,0
2021-12-07,6.8℃,13.3℃,2.6℃,0.0,0
2021-12-08,6.7℃,13.3℃,1.9℃,1.6,0
2021-12-09,6.5℃,9.7℃,2.7℃,6.9,0
2021-12-10,7.0℃,8.2℃,5.8℃,8.1,0.7mm
2021-12-11,6.0℃,9.8℃,4.4℃,8.1,0
2021-12-12,1.2℃,5.1℃,-3.8℃,2.5,0
2021-12-13,-2.2℃,1.9℃,-5.9℃,2.1,0
2021-12-14,3.7℃,8.2℃,-0.7℃,9.0,1.2mm
2021-12-15,7.2℃,10.0℃,5.4℃,7.3,2.1mm
2021-12-16,6.4℃,9.8℃,3.3℃,7.1,0.0mm
2021-12-17,-5.6℃,3.2℃,-10.1℃,1.4,0
2021-12-18,-5.7℃,-1.8℃,-11.2℃,4.1,2.8mm
2021-12-19,-0.8℃,4.2℃,-5.8℃,0.6,0.2mm
2021-12-20,5.2℃,11.1℃,-0.9℃,4.6,0.0mm
2021-12-21,5.2℃,8.9℃,0.8℃,1.4,0
2021-12-22,2.2℃,8.2℃,-2.6℃,0.0,0
2021-12-23,2.7℃,8.3℃,-1.5℃,2.8,0
2021-12-24,-0.3℃,3.2℃,-7.3℃,6.1,0.2mm
2021-12-25,-11.7℃,-7.3℃,-14.4℃,0.0,0
2021-12-26,-12.1℃,-7.3℃,-15.5℃,0.0,0
2021-12-27,-7.6℃,-3.9℃,-12.9℃,3.1,0.0mm
2021-12-28,-4.1℃,-0.9℃,-8.5℃,4.1,0
2021-12-29,0.4℃,5.9℃,-3.8℃,5.1,0.2mm
2021-12-30,-3.9℃,0.2℃,-6.8℃,2.0,0.0mm
2021-12-31,-6.7℃,-3.9℃,-8.8℃,0.0,0
2022-01-01,-4.3℃,2.3℃,-10.2℃,1.4,0
2022-01-02,-1.3℃,3.0℃,-5.2℃,4.1,0.3mm
2022-01-03,-1.9℃,2.5℃,-8.0℃,4.9,0.0mm
2022-01-04,-2.5℃,1.0℃,-5.6℃,0.0,0.0mm
2022-01-05,-2.8℃,1.9℃,-7.8℃,7.3,0
2022-01-06,-2.2℃,3.3℃,-5.9℃,0.0,0
2022-01-07,-1.6℃,4.5℃,-5.9℃,0.0,0
2022-01-08,0.3℃,3.7℃,-5.0℃,5.9,0.0mm
2022-01-09,1.3℃,5.6℃,-1.2℃,3.1,0
2022-01-10,0.5℃,4.4℃,-3.4℃,7.0,0.9mm
2022-01-11,-7.4℃,0.3℃,-10.3℃,0.4,0.2mm
2022-01-12,-7.7℃,-3.4℃,-11.3℃,2.8,0
2022-01-13,-6.4℃,-3.1℃,-8.9℃,2.3,0
2022-01-14,-4.8℃,1.3℃,-10.1℃,2.6,0
2022-01-15,-1.0℃,1.8℃,-5.3℃,8.5,0.0mm
2022-01-16,-2.0℃,2.4℃,-7.2℃,1.6,0.0mm
2022-01-17,-5.8℃,0.1℃,-9.2℃,2.5,0.5mm
2022-01-18,-5.6℃,-0.7℃,-9.9℃,0.3,0
2022-01-19,-5.3℃,-2.7℃,-7.7℃,5.1,1.7mm
2022-01-20,-5.0℃,0.9℃,-9.8℃,0.0,0
2022-01-21,-2.7℃,4.6℃,-8.7℃,0.0,0
2022-01-22,0.3℃,7.1℃,-5.0℃,5.9,0
2022-01-23,2.0℃,6.7℃,-0.6℃,4.8,0
2022-01-24,4.6℃,8.4℃,1.3℃,4.9,0
2022-01-25,2.8℃,4.5℃,1.9℃,9.4,0.7mm
2022-01-26,1.3℃,6.8℃,-1.9℃,2.4,0
2022-01-27,-1.1℃,4.0℃,-4.6℃,2.1,0
2022-01-28,-2.7℃,2.1℃,-5.9℃,2.0,0
2022-01-29,-3.6℃,0.9℃,-7.2℃,0.8,0
2022-01-30,-2.8℃,2.4℃,-8.0℃,0.6,0
2022-01-31,-0.7℃,4.8℃,-6.8℃,3.3,1.2mm
2022-02-01,-1.3℃,0.9℃,-2.7℃,6.6,1.7mm
2022-02-02,-3.4℃,0.0℃,-6.0℃,3.5,0
2022-02-03,-3.4℃,0.4℃,-6.9℃,1.5,0
2022-02-04,-5.2℃,-0.7℃,-8.2℃,1.9,0.0mm
2022-02-05,-6.6℃,-2.0℃,-9.7℃,0.9,0
2022-02-06,-3.9℃,1.7℃,-8.4℃,1.0,0
2022-02-07,-2.5℃,1.9℃,-7.3℃,6.1,0
2022-02-08,-0.1℃,5.6℃,-4.1℃,1.5,0
2022-02-09,1.0℃,7.2℃,-4.3℃,5.5,0
2022-02-10,1.4℃,6.7℃,-3.2℃,1.6,0
2022-02-11,2.9℃,8.8℃,-2.6℃,2.6,0
2022-02-12,4.8℃,10.4℃,-0.1℃,3.5,0
2022-02-13,4.8℃,9.5℃,1.6℃,5.3,0
2022-02-14,2.5℃,8.1℃,-1.3℃,6.6,1.7mm
2022-02-15,-4.7℃,-1.3℃,-7.7℃,5.6,0.0mm
2022-02-16,-7.3℃,-4.1℃,-9.6℃,0.9,0.0mm
2022-02-17,-6.2℃,-0.5℃,-10.7℃,0.0,0
2022-02-18,-1.2℃,5.7℃,-8.0℃,3.9,0
2022-02-19,-1.7℃,3.7℃,-6.2℃,6.5,0.1mm
2022-02-20,-4.8℃,-0.5℃,-8.4℃,0.1,0
2022-02-21,-3.0℃,3.6℃,-8.1℃,2.5,0.1mm
2022-02-22,-4.5℃,0.5℃,-8.0℃,1.0,0
2022-02-23,-5.6℃,-0.6℃,-10.0℃,0.0,0
2022-02-24,-2.4℃,3.7℃,-8.5℃,0.0,0
2022-02-25,3.0℃,8.4℃,-3.6℃,3.8,0
2022-02-26,5.4℃,9.3℃,1.0℃,8.0,1.1mm
2022-02-27,3.7℃,9.1℃,-1.6℃,0.0,0
2022-02-28,6.8℃,11.5℃,2.7℃,8.0,0
2022-03-01,5.8℃,9.7℃,0.3℃,6.1,2.3mm
2022-03-02,3.5℃,8.8℃,-2.3℃,1.0,0
2022-03-03,5.8℃,12.4℃,0.9℃,0.0,0
2022-03-04,6.9℃,14.6℃,0.6℃,5.1,0
2022-03-05,2.3℃,6.7℃,-0.7℃,0.1,0
2022-03-06,1.4℃,6.8℃,-3.0℃,1.3,0
2022-03-07,2.8℃,8.7℃,-2.7℃,6.1,0
2022-03-08,6.0℃,12.3℃,1.1℃,4.9,0
2022-03-09,7.1℃,14.8℃,1.7℃,2.3,0
2022-03-10,9.3℃,15.8℃,4.2℃,6.6,0
2022-03-11,11.2℃,18.4℃,5.1℃,5.3,0
2022-03-12,12.8℃,19.5℃,6.3℃,5.8,2.6mm
2022-03-13,11.7℃,12.6℃,10.7℃,9.4,42.1mm
2022-03-14,8.2℃,13.2℃,4.9℃,6.4,8.7mm
2022-03-15,7.2℃,13.3℃,2.3℃,3.8,0
2022-03-16,10.3℃,16.8℃,3.6℃,3.8,0
2022-03-17,10.7℃,15.1℃,7.8℃,10.0,1.2mm
2022-03-18,7.5℃,9.6℃,5.5℃,9.1,0.0mm
2022-03-19,3.4℃,6.1℃,0.9℃,8.9,14.6mm
2022-03-20,5.4℃,9.3℃,2.2℃,5.1,0.0mm
2022-03-21,5.0℃,10.9℃,-0.3℃,7.5,0
2022-03-22,7.1℃,13.6℃,1.1℃,2.5,0
2022-03-23,6.2℃,8.2℃,4.9℃,9.0,0
2022-03-24,8.2℃,12.4℃,3.9℃,8.4,0
2022-03-25,12.0℃,17.2℃,6.3℃,7.9,10.9mm
2022-03-26,11.8℃,14.7℃,9.5℃,8.3,19.8mm
2022-03-27,8.1℃,12.6℃,5.0℃,0.3,0
2022-03-28,8.2℃,15.1℃,1.5℃,0.5,0
2022-03-29,9.7℃,15.6℃,3.3℃,1.4,0
2022-03-30,10.8℃,15.7℃,5.9℃,7.0,0.4mm
2022-03-31,10.9℃,14.7℃,7.6℃,7.0,0
2022-04-01,9.2℃,14.9℃,4.5℃,1.1,0
2022-04-02,8.2℃,14.2℃,3.7℃,0.5,0
2022-04-03,9.6℃,17.0℃,3.5℃,0.0,0
2022-04-04,10.3℃,16.4℃,5.1℃,0.0,0
2022-04-05,10.3℃,15.8℃,4.9℃,6.1,0
2022-04-06,11.7℃,17.0℃,8.0℃,6.4,0
2022-04-07,10.9℃,15.7℃,7.4℃,2.4,0
2022-04-08,12.9℃,20.0℃,5.1℃,0.0,0
2022-04-09,17.8℃,24.2℃,12.4℃,2.4,0.5mm
2022-04-10,18.2℃,25.1℃,12.7℃,1.5,0
2022-04-11,19.6℃,26.6℃,13.4℃,2.8,0
2022-04-12,19.3℃,26.4℃,15.9℃,8.6,0.5mm
2022-04-13,13.1℃,15.9℃,12.0℃,10.0,1.3mm
2022-04-14,13.2℃,15.3℃,11.4℃,9.3,0
2022-04-15,13.3℃,19.3℃,7.5℃,1.0,0
2022-04-16,13.2℃,20.2℃,7.1℃,0.3,0
2022-04-17,14.0℃,21.9℃,7.2℃,2.6,0
2022-04-18,15.2℃,21.6℃,11.4℃,4.8,0
2022-04-19,15.2℃,22.1℃,8.9℃,0.0,0
2022-04-20,15.7℃,22.1℃,9.7℃,0.0,0
2022-04-21,16.3℃,22.7℃,9.6℃,5.3,0
2022-04-22,15.0℃,16.8℃,13.2℃,8.5,0
2022-04-23,17.7℃,25.3℃,10.4℃,6.0,0
2022-04-24,18.5℃,24.5℃,15.0℃,6.4,0.3mm
2022-04-25,20.0℃,23.6℃,17.0℃,10.0,1.3mm
2022-04-26,21.9℃,28.7℃,17.0℃,5.0,1.0mm
2022-04-27,17.7℃,23.9℃,12.6℃,0.4,0
2022-04-28,18.2℃,25.9℃,11.6℃,5.8,0.0mm
2022-04-29,13.4℃,16.5℃,10.7℃,8.8,15.5mm
2022-04-30,13.0℃,17.8℃,10.5℃,8.0,0
2022-05-01,13.4℃,19.2℃,7.9℃,1.3,0
2022-05-02,14.2℃,19.4℃,9.1℃,2.0,0
2022-05-03,14.8℃,20.8℃,9.1℃,1.0,0
2022-05-04,17.8℃,25.2℃,10.0℃,0.0,0
2022-05-05,18.9℃,25.8℃,12.5℃,0.5,0
2022-05-06,19.6℃,25.6℃,13.7℃,5.3,0
2022-05-07,18.4℃,23.1℃,15.3℃,8.6,0.5mm
2022-05-08,15.3℃,18.2℃,11.7℃,9.1,2.0mm
2022-05-09,17.9℃,25.3℃,11.0℃,3.1,0
2022-05-10,19.9℃,26.3℃,13.6℃,7.3,0.0mm
2022-05-11,19.7℃,25.2℃,16.6℃,6.9,0.0mm
2022-05-12,20.9℃,28.1℃,14.1℃,3.9,0
2022-05-13,19.4℃,25.2℃,15.0℃,5.9,0
2022-05-14,15.7℃,20.0℃,11.9℃,4.4,0
2022-05-15,16.2℃,22.4℃,10.5℃,2.0,0
2022-05-16,17.3℃,23.7℃,10.9℃,0.5,0
2022-05-17,20.0℃,27.4℃,13.0℃,0.3,0
2022-05-18,20.0℃,25.4℃,15.7℃,4.3,1.5mm
2022-05-19,19.9℃,24.2℃,16.1℃,4.9,0
2022-05-20,20.6℃,25.8℃,15.6℃,5.0,0
2022-05-21,20.1℃,26.0℃,16.1℃,3.6,0
2022-05-22,20.3℃,25.8℃,15.7℃,3.8,0
2022-05-23,23.0℃,30.7℃,17.8℃,3.0,0
2022-05-24,22.9℃,30.2℃,16.7℃,3.4,0
2022-05-25,21.0℃,26.7℃,16.7℃,6.5,3.5mm
2022-05-26,18.7℃,23.5℃,14.1℃,4.5,0.0mm
2022-05-27,20.0℃,25.6℃,16.0℃,2.4,0.0mm
2022-05-28,22.3℃,29.3℃,15.0℃,2.1,0
2022-05-29,23.1℃,29.7℃,19.3℃,6.0,0
2022-05-30,20.8℃,24.7℃,17.2℃,7.9,0.0mm
2022-05-31,20.7℃,27.2℃,14.2℃,1.4,0
2022-06-01,22.1℃,28.6℃,16.2℃,0.6,0
2022-06-02,21.5℃,26.9℃,17.1℃,3.9,0
2022-06-03,24.5℃,32.6℃,18.7℃,4.1,0
2022-06-04,25.6℃,29.7℃,20.3℃,7.0,0
2022-06-05,22.7℃,27.0℃,20.2℃,9.1,0.0mm
2022-06-06,19.7℃,24.5℃,16.7℃,6.9,4.3mm
2022-06-07,20.6℃,25.1℃,15.1℃,6.4,0.0mm
2022-06-08,21.2℃,25.8℃,16.2℃,6.4,0
2022-06-09,20.9℃,24.5℃,18.5℃,5.5,2.6mm
2022-06-10,20.9℃,26.6℃,17.2℃,5.6,1.2mm
2022-06-11,24.6℃,32.7℃,17.7℃,3.4,0
2022-06-12,24.6℃,31.5℃,18.9℃,5.8,0
2022-06-13,23.6℃,29.2℃,19.6℃,7.5,18.0mm
2022-06-14,21.5℃,27.1℃,17.7℃,7.8,0.0mm
2022-06-15,17.5℃,20.1℃,14.9℃,9.8,18.5mm
2022-06-16,20.3℃,24.8℃,17.6℃,5.6,0.7mm
2022-06-17,22.5℃,28.1℃,16.5℃,5.8,0
2022-06-18,23.3℃,25.1℃,22.0℃,7.6,0.0mm
2022-06-19,23.4℃,25.1℃,22.3℃,8.6,0
2022-06-20,25.2℃,29.0℃,22.0℃,6.0,0
2022-06-21,26.5℃,32.6℃,21.2℃,3.1,0
2022-06-22,25.9℃,31.0℃,21.9℃,6.1,0
2022-06-23,24.3℃,26.4℃,23.3℃,8.9,103.0mm
2022-06-24,22.6℃,24.9℃,20.6℃,8.4,19.1mm
2022-06-25,26.0℃,30.5℃,21.5℃,7.5,0
2022-06-26,26.5℃,28.1℃,24.8℃,10.0,0
2022-06-27,26.8℃,28.1℃,25.4℃,10.0,6.1mm
2022-06-28,26.9℃,27.9℃,25.7℃,10.0,6.3mm
2022-06-29,25.1℃,26.1℃,24.4℃,10.0,37.8mm
2022-06-30,22.3℃,24.5℃,21.2℃,10.0,176.2mm
2022-07-01,26.6℃,30.9℃,21.9℃,5.6,0
2022-07-02,28.8℃,33.8℃,24.0℃,4.1,0
2022-07-03,29.3℃,34.2℃,24.4℃,4.6,0
2022-07-04,29.3℃,32.6℃,26.4℃,6.9,0.0mm
2022-07-05,29.2℃,33.1℃,26.7℃,7.5,0.0mm
2022-07-06,29.5℃,33.3℃,26.2℃,7.3,16.1mm
2022-07-07,28.2℃,31.0℃,26.4℃,9.3,0.0mm
2022-07-08,25.8℃,27.9℃,24.0℃,9.5,1.7mm
2022-07-09,26.9℃,30.9℃,24.0℃,7.0,0.1mm
2022-07-10,29.2℃,35.1℃,24.6℃,5.6,0.0mm
2022-07-11,27.0℃,30.6℃,24.7℃,6.3,9.0mm
2022-07-12,26.8℃,29.4℃,23.2℃,8.1,0
2022-07-13,25.0℃,27.1℃,24.0℃,10.0,114.5mm
2022-07-14,25.7℃,29.9℃,23.3℃,8.1,0.9mm
2022-07-15,26.0℃,30.3℃,23.0℃,5.3,0
2022-07-16,24.8℃,28.2℃,23.2℃,8.3,34.0mm
2022-07-17,25.5℃,29.7℃,22.5℃,7.3,0.0mm
2022-07-18,26.8℃,30.1℃,23.1℃,5.4,0
2022-07-19,27.4℃,31.1℃,24.3℃,6.3,0
2022-07-20,27.1℃,30.4℃,24.3℃,9.0,1.1mm
2022-07-21,23.2℃,25.2℃,20.8℃,8.9,10.4mm
2022-07-22,25.1℃,27.5℃,22.9℃,7.5,5.2mm
2022-07-23,24.8℃,28.0℃,22.3℃,9.4,9.9mm
2022-07-24,25.0℃,28.4℃,22.0℃,9.5,1.2mm
2022-07-25,,32.0℃,23.6℃,0,0
2022-07-26,28.9℃,33.1℃,24.4℃,5.0,0
2022-07-27,29.3℃,33.4℃,26.4℃,5.3,0
2022-07-28,29.7℃,34.4℃,25.1℃,3.5,0
2022-07-29,30.7℃,34.3℃,27.3℃,5.0,0
2022-07-30,30.9℃,36.1℃,27.3℃,4.5,1.0mm
2022-07-31,27.2℃,29.0℃,25.4℃,9.8,47.2mm
2022-08-01,28.6℃,32.4℃,25.4℃,8.9,30.0mm
2022-08-02,26.8℃,28.5℃,25.5℃,9.9,33.5mm
2022-08-03,27.1℃,30.0℃,25.2℃,9.3,51.1mm
2022-08-04,28.9℃,32.9℃,26.0℃,4.4,0.0mm
2022-08-05,29.4℃,32.7℃,27.0℃,5.9,0.0mm
2022-08-06,28.7℃,30.3℃,27.4℃,7.5,13.6mm
2022-08-07,28.9℃,31.7℃,27.2℃,8.4,0.9mm
2022-08-08,26.8℃,28.4℃,25.1℃,10.0,129.6mm
2022-08-09,25.1℃,26.5℃,22.0℃,10.0,123.1mm
2022-08-10,24.7℃,28.8℃,21.4℃,9.1,7.6mm
2022-08-11,25.0℃,27.5℃,23.4℃,9.0,38.8mm
2022-08-12,27.0℃,32.4℃,23.0℃,4.5,0
2022-08-13,25.8℃,27.5℃,24.7℃,8.9,4.0mm
2022-08-14,27.6℃,31.5℃,24.5℃,7.8,3.0mm
2022-08-15,28.1℃,29.8℃,26.6℃,9.5,0.9mm
2022-08-16,26.7℃,30.0℃,24.1℃,4.8,0.0mm
2022-08-17,26.0℃,30.5℃,22.8℃,4.0,0.0mm
2022-08-18,25.6℃,29.8℃,22.4℃,6.4,0
2022-08-19,26.0℃,27.5℃,23.3℃,9.3,66.1mm
2022-08-20,28.2℃,32.0℃,25.7℃,4.8,0.0mm
2022-08-21,28.1℃,32.0℃,24.7℃,5.9,0
2022-08-22,26.8℃,30.2℃,22.9℃,8.4,3.2mm
2022-08-23,25.4℃,30.2℃,22.4℃,5.4,2.2mm
2022-08-24,24.8℃,27.9℃,22.4℃,6.8,0
2022-08-25,22.2℃,24.0℃,21.1℃,8.3,1.6mm
2022-08-26,23.8℃,28.4℃,19.9℃,4.5,0
2022-08-27,21.5℃,25.5℃,17.6℃,1.3,17.6mm
2022-08-28,22.6℃,28.4℃,16.1℃,5.1,0
2022-08-29,21.0℃,22.5℃,19.5℃,9.9,2.2mm
2022-08-30,19.1℃,20.3℃,17.9℃,10.0,35.8mm
2022-08-31,21.7℃,24.9℃,19.6℃,7.5,0.0mm
2022-09-01,24.0℃,30.4℃,18.3℃,1.0,0
2022-09-02,24.7℃,29.8℃,20.3℃,2.4,0
2022-09-03,24.2℃,29.2℃,20.5℃,6.6,0
2022-09-04,22.3℃,24.0℃,19.8℃,9.6,33.8mm
2022-09-05,19.2℃,22.7℃,17.7℃,10.0,120.0mm
2022-09-06,21.0℃,26.3℃,17.0℃,3.9,25.3mm
2022-09-07,22.8℃,28.1℃,17.9℃,0.1,0
2022-09-08,23.2℃,29.5℃,16.7℃,2.1,0
2022-09-09,24.3℃,30.8℃,18.9℃,4.1,0
2022-09-10,23.6℃,28.4℃,19.0℃,7.9,0
2022-09-11,23.3℃,26.4℃,20.6℃,8.9,0.1mm
2022-09-12,23.8℃,27.5℃,20.3℃,8.1,0
2022-09-13,24.3℃,26.4℃,21.8℃,9.6,0.0mm
2022-09-14,24.6℃,27.9℃,22.7℃,8.8,0.0mm
2022-09-15,25.2℃,28.3℃,22.0℃,8.4,0.1mm
2022-09-16,25.7℃,29.9℃,23.4℃,9.0,14.6mm
2022-09-17,25.6℃,29.4℃,23.3℃,7.8,4.3mm
2022-09-18,27.1℃,32.5℃,23.0℃,6.5,0
2022-09-19,24.6℃,29.6℃,19.5℃,5.4,0
2022-09-20,19.9℃,24.6℃,16.1℃,2.1,0
2022-09-21,19.4℃,25.6℃,13.0℃,0.5,0
2022-09-22,19.8℃,24.7℃,14.2℃,4.0,0
2022-09-23,17.5℃,22.2℃,14.7℃,3.0,3.3mm
2022-09-24,18.5℃,24.2℃,12.3℃,3.4,0
2022-09-25,19.6℃,25.2℃,15.4℃,6.4,0
2022-09-26,20.0℃,25.4℃,14.8℃,6.5,0
2022-09-27,20.9℃,28.0℃,14.0℃,0.5,0
2022-09-28,20.4℃,26.1℃,16.1℃,4.6,0
2022-09-29,20.4℃,26.5℃,16.4℃,2.5,0
2022-09-30,20.7℃,27.7℃,14.8℃,0.3,0
2022-10-01,20.9℃,27.6℃,14.4℃,5.4,0
2022-10-02,19.4℃,21.6℃,17.2℃,9.9,15.8mm
2022-10-03,21.4℃,23.4℃,17.5℃,10.0,76.0mm
2022-10-04,17.9℃,23.0℃,14.2℃,9.8,11.8mm
2022-10-05,16.6℃,21.6℃,14.1℃,7.5,0.1mm
2022-10-06,15.8℃,19.1℃,12.7℃,8.9,0.0mm
2022-10-07,14.3℃,18.6℃,11.0℃,3.4,0
2022-10-08,15.8℃,21.6℃,11.1℃,2.9,0
2022-10-09,13.1℃,14.5℃,10.7℃,8.8,20.4mm
2022-10-10,9.9℃,11.9℃,8.2℃,7.4,0.0mm
2022-10-11,11.1℃,16.4℃,7.4℃,2.1,0
2022-10-12,13.5℃,20.6℃,6.5℃,0.0,0
2022-10-13,16.3℃,22.7℃,10.7℃,2.5,0
2022-10-14,17.1℃,23.0℃,12.4℃,7.9,0
2022-10-15,18.2℃,24.4℃,12.6℃,5.8,0
2022-10-16,16.9℃,20.5℃,15.1℃,8.8,0
2022-10-17,11.2℃,15.1℃,7.4℃,1.4,0
2022-10-18,9.4℃,14.2℃,5.0℃,0.0,0
2022-10-19,10.5℃,16.8℃,4.4℃,0.0,0
2022-10-20,12.9℃,19.7℃,6.0℃,2.1,0
2022-10-21,14.0℃,20.9℃,8.8℃,4.9,0
2022-10-22,15.1℃,20.8℃,10.5℃,4.3,0
2022-10-23,14.0℃,18.6℃,10.4℃,2.5,0
2022-10-24,10.6℃,14.8℃,7.5℃,0.3,0
2022-10-25,11.3℃,17.6℃,5.9℃,0.0,0
2022-10-26,12.9℃,17.8℃,8.0℃,4.9,0
2022-10-27,13.2℃,18.9℃,8.6℃,1.4,0
2022-10-28,13.6℃,20.6℃,8.2℃,1.5,0
2022-10-29,14.8℃,21.3℃,10.2℃,1.1,0
2022-10-30,14.9℃,21.3℃,10.4℃,1.1,0
2022-10-31,14.9℃,21.1℃,11.2℃,4.0,0
2022-11-01,13.1℃,17.8℃,9.4℃,3.4,0
2022-11-02,11.1℃,17.9℃,5.5℃,0.0,0
2022-11-03,9.3℃,13.4℃,5.6℃,6.1,0.0mm
2022-11-04,4.9℃,9.8℃,1.6℃,0.1,0
2022-11-05,6.5℃,13.6℃,0.8℃,0.0,0
2022-11-06,9.6℃,16.4℃,3.7℃,2.6,0
2022-11-07,11.4℃,16.6℃,6.1℃,5.9,0.0mm
2022-11-08,12.9℃,17.9℃,9.7℃,2.5,0
2022-11-09,11.4℃,16.0℃,6.7℃,6.1,0
2022-11-10,13.5℃,19.1℃,8.8℃,1.6,0
2022-11-11,15.6℃,22.1℃,10.9℃,0.9,0
2022-11-12,16.3℃,22.0℃,11.6℃,8.1,57.9mm
2022-11-13,10.3℃,17.3℃,8.7℃,8.8,0
2022-11-14,9.7℃,13.8℃,5.9℃,5.3,0
2022-11-15,8.1℃,12.3℃,4.0℃,6.5,1.6mm
2022-11-16,8.5℃,13.0℃,5.5℃,2.0,0
2022-11-17,10.2℃,16.6℃,5.4℃,1.3,0
2022-11-18,11.0℃,18.1℃,5.3℃,1.0,0
2022-11-19,12.9℃,19.2℃,8.7℃,3.1,0
2022-11-20,13.7℃,20.2℃,9.5℃,1.8,0
2022-11-21,11.8℃,16.2℃,9.3℃,3.4,0
2022-11-22,10.7℃,13.7℃,7.0℃,8.8,0.0mm
2022-11-23,10.8℃,15.2℃,6.8℃,3.3,0.0mm
2022-11-24,9.4℃,14.1℃,5.9℃,3.4,0
2022-11-25,12.3℃,17.8℃,7.1℃,5.0,1.7mm
2022-11-26,6.7℃,12.9℃,1.0℃,0.3,0
2022-11-27,5.4℃,11.5℃,-1.1℃,2.4,0
2022-11-28,12.3℃,15.0℃,7.5℃,8.4,19.5mm
2022-11-29,6.9℃,15.0℃,-1.6℃,8.8,3.8mm
2022-11-30,-5.4℃,-1.6℃,-8.1℃,1.5,0
2022-12-01,-5.4℃,-1.2℃,-9.4℃,1.5,0
2022-12-02,-2.5℃,3.0℃,-7.6℃,1.8,0
2022-12-03,2.1℃,7.0℃,-0.3℃,6.6,1.1mm
2022-12-04,-3.5℃,-0.2℃,-5.2℃,6.9,0
2022-12-05,-3.1℃,1.9℃,-7.0℃,2.9,0
2022-12-06,0.9℃,5.3℃,-3.9℃,6.1,0.1mm
2022-12-07,4.9℃,9.0℃,1.2℃,1.8,0.1mm
2022-12-08,3.7℃,9.1℃,0.1℃,1.0,0
2022-12-09,4.5℃,10.2℃,0.9℃,3.4,0.0mm
2022-12-10,2.6℃,6.7℃,-0.6℃,6.1,0
2022-12-11,1.6℃,6.8℃,-1.5℃,0.9,0
2022-12-12,2.0℃,6.3℃,-2.0℃,7.5,5.4mm
2022-12-13,0.0℃,3.1℃,-6.4℃,6.6,0.6mm
2022-12-14,-8.4℃,-4.9℃,-11.0℃,1.4,0
2022-12-15,-4.5℃,-1.3℃,-8.5℃,7.3,2.4mm
2022-12-16,-6.3℃,-2.2℃,-9.6℃,4.5,0
2022-12-17,-7.0℃,-3.2℃,-9.8℃,2.3,0.2mm
2022-12-18,-9.5℃,-5.6℃,-12.4℃,0.0,0
2022-12-19,-7.0℃,-2.5℃,-12.0℃,2.1,0
2022-12-20,-3.2℃,2.9℃,-9.5℃,4.9,0
2022-12-21,-0.1℃,2.6℃,-2.6℃,8.5,3.6mm
2022-12-22,-7.8℃,-2.6℃,-11.3℃,2.1,0
2022-12-23,-11.8℃,-8.6℃,-13.7℃,2.0,0
2022-12-24,-8.4℃,-2.0℃,-13.5℃,0.6,0
2022-12-25,-5.4℃,0.2℃,-9.6℃,0.1,0
2022-12-26,-3.9℃,1.7℃,-7.9℃,1.4,0
2022-12-27,-2.6℃,3.3℃,-7.3℃,0.1,0
2022-12-28,-3.3℃,0.1℃,-6.0℃,3.3,0.1mm
2022-12-29,-2.9℃,2.1℃,-7.8℃,3.3,0.0mm
2022-12-30,-1.8℃,2.3℃,-4.4℃,1.4,0.0mm
2022-12-31,-1.2℃,2.1℃,-5.1℃,7.4,0.0mm
2023-01-01,-0.2℃,3.8℃,-4.3℃,1.3,0
2023-01-02,-4.5℃,-0.4℃,-7.4℃,0.0,0
2023-01-03,-5.0℃,0.6℃,-9.0℃,0.0,0
2023-01-04,-1.8℃,3.3℃,-5.7℃,1.9,0
2023-01-05,-1.6℃,3.6℃,-5.6℃,3.6,0
2023-01-06,0.6℃,5.7℃,-4.7℃,5.8,3.9mm
2023-01-07,1.5℃,3.8℃,-1.4℃,5.6,0.1mm
2023-01-08,1.3℃,6.3℃,-3.7℃,3.0,0
2023-01-09,3.1℃,7.0℃,-1.3℃,3.3,0
2023-01-10,1.6℃,9.1℃,-3.9℃,1.4,0
2023-01-11,2.6℃,9.2℃,-2.0℃,1.4,0
2023-01-12,5.9℃,12.5℃,-0.6℃,1.8,0.0mm
2023-01-13,8.3℃,10.1℃,5.1℃,10.0,37.3mm
2023-01-14,6.6℃,8.4℃,3.8℃,9.8,1.6mm
2023-01-15,-0.2℃,3.8℃,-3.5℃,10.0,3.2mm
2023-01-16,-4.6℃,-1.2℃,-6.8℃,2.8,0.0mm
2023-01-17,-3.7℃,-0.4℃,-7.0℃,8.8,0.0mm
2023-01-18,-1.9℃,2.2℃,-4.6℃,1.1,0.0mm
2023-01-19,-0.4℃,4.3℃,-6.0℃,6.3,1.0mm
2023-01-20,-3.3℃,2.0℃,-7.7℃,0.3,0
2023-01-21,-4.5℃,1.5℃,-10.5℃,2.0,0
2023-01-22,-0.6℃,2.6℃,-2.8℃,7.5,0.0mm
2023-01-23,-0.8℃,4.6℃,-6.9℃,5.3,0
2023-01-24,-14.7℃,-6.9℃,-17.0℃,1.0,0.0mm
2023-01-25,-11.3℃,-5.4℃,-17.3℃,1.6,0.0mm
2023-01-26,-6.0℃,-3.5℃,-9.0℃,8.5,0.8mm
2023-01-27,-7.3℃,-3.8℃,-9.6℃,0.0,0
2023-01-28,-6.0℃,-0.6℃,-11.2℃,1.0,0.0mm
2023-01-29,-1.8℃,4.9℃,-8.0℃,2.5,0
2023-01-30,-0.9℃,4.2℃,-4.4℃,0.0,0
2023-01-31,2.4℃,7.8℃,-3.5℃,5.4,0
2023-02-01,0.9℃,6.0℃,-3.0℃,2.5,0
2023-02-02,-2.4℃,1.4℃,-5.1℃,5.5,0
2023-02-03,-1.6℃,3.4℃,-3.9℃,3.0,0
2023-02-04,-0.2℃,6.0℃,-5.2℃,0.9,0
2023-02-05,1.7℃,7.1℃,-3.3℃,2.3,0
2023-02-06,3.0℃,8.8℃,-1.7℃,3.6,0
2023-02-07,3.5℃,9.5℃,-0.6℃,3.4,0
2023-02-08,2.1℃,7.8℃,-1.3℃,0.3,0
2023-02-09,4.0℃,9.9℃,-2.8℃,6.5,0.0mm
2023-02-10,3.8℃,6.2℃,1.1℃,6.1,0.6mm
2023-02-11,2.8℃,8.5℃,-1.2℃,3.4,0
2023-02-12,3.7℃,7.6℃,-0.9℃,6.9,0
2023-02-13,5.9℃,8.4℃,2.7℃,7.3,0
2023-02-14,1.7℃,6.6℃,-2.5℃,1.6,0
2023-02-15,3.2℃,8.9℃,-1.2℃,3.9,0
2023-02-16,2.3℃,4.5℃,-0.7℃,5.4,0.0mm
2023-02-17,3.4℃,9.8℃,-1.5℃,5.0,0
2023-02-18,5.7℃,8.1℃,3.0℃,9.9,0
2023-02-19,3.5℃,6.1℃,0.2℃,3.9,0.4mm
2023-02-20,-0.5℃,2.4℃,-3.5℃,0.0,0
2023-02-21,-1.3℃,4.8℃,-5.3℃,0.1,0
2023-02-22,1.2℃,8.4℃,-4.5℃,5.5,0
2023-02-23,2.9℃,9.2℃,-1.8℃,2.5,0
2023-02-24,3.5℃,8.5℃,-0.4℃,1.8,0
2023-02-25,0.7℃,5.7℃,-2.9℃,0.0,0
2023-02-26,2.2℃,9.4℃,-3.4℃,0.0,0
2023-02-27,4.4℃,12.4℃,-1.8℃,0.0,0
2023-02-28,4.3℃,8.7℃,-0.7℃,5.5,0
2023-03-01,6.0℃,9.0℃,2.9℃,5.4,0
2023-03-02,2.2℃,6.6℃,-1.8℃,0.0,0
2023-03-03,4.6℃,10.4℃,-1.9℃,3.8,0
2023-03-04,7.7℃,14.1℃,3.7℃,4.8,0
2023-03-05,8.0℃,15.4℃,2.5℃,0.0,0
2023-03-06,9.2℃,16.5℃,2.2℃,1.1,0
2023-03-07,11.7℃,19.4℃,6.3℃,2.1,0
2023-03-08,12.5℃,17.7℃,7.4℃,7.0,1.2mm
2023-03-09,10.3℃,13.1℃,7.4℃,5.1,3.7mm
2023-03-10,13.5℃,22.2℃,6.2℃,0.0,0
2023-03-11,15.2℃,22.8℃,10.2℃,5.9,0
2023-03-12,5.9℃,12.6℃,0.6℃,5.9,5.6mm
2023-03-13,2.9℃,7.6℃,-1.9℃,3.1,0
2023-03-14,9.2℃,15.4℃,3.3℃,3.4,0
2023-03-15,8.6℃,14.4℃,3.5℃,6.4,0
2023-03-16,4.6℃,9.0℃,0.4℃,5.5,0
2023-03-17,7.2℃,12.7℃,0.7℃,8.0,0
2023-03-18,7.7℃,14.0℃,2.5℃,1.9,0
2023-03-19,8.3℃,15.2℃,2.3℃,0.4,0
2023-03-20,9.5℃,17.1℃,2.6℃,2.8,0
2023-03-21,13.0℃,22.2℃,5.0℃,1.1,0
2023-03-22,17.0℃,25.1℃,9.2℃,6.4,0
2023-03-23,17.4℃,23.3℃,12.3℃,5.6,0.0mm
2023-03-24,12.5℃,18.3℃,7.6℃,8.0,0
2023-03-25,12.5℃,18.7℃,8.0℃,4.1,0
2023-03-26,9.4℃,14.0℃,4.7℃,0.8,0
2023-03-27,7.3℃,14.5℃,1.9℃,1.1,0
2023-03-28,9.2℃,15.7℃,2.8℃,2.9,0
2023-03-29,11.8℃,19.7℃,5.1℃,0.3,0
2023-03-30,13.3℃,21.2℃,6.4℃,1.1,0
2023-03-31,15.0℃,23.9℃,7.5℃,0.0,0
2023-04-01,17.5℃,25.6℃,9.4℃,1.8,0
2023-04-02,18.8℃,25.2℃,11.9℃,0.4,0
2023-04-03,19.0℃,25.9℃,11.3℃,4.1,0
2023-04-04,17.6℃,21.7℃,12.7℃,9.1,6.9mm
2023-04-05,11.9℃,14.9℃,8.7℃,10.0,50.3mm
2023-04-06,8.8℃,9.7℃,7.4℃,9.8,2.7mm
2023-04-07,8.9℃,15.7℃,4.6℃,1.5,0
2023-04-08,8.8℃,14.9℃,3.1℃,0.4,0
2023-04-09,10.8℃,17.8℃,3.5℃,0.0,0
2023-04-10,13.2℃,19.1℃,6.2℃,2.6,0
2023-04-11,13.1℃,17.4℃,9.2℃,6.5,2.9mm
2023-04-12,10.1℃,15.3℃,4.8℃,0.8,0
2023-04-13,11.9℃,17.2℃,5.1℃,5.1,0.0mm
2023-04-14,16.2℃,21.3℃,11.9℃,8.1,0
2023-04-15,13.5℃,16.6℃,9.3℃,7.4,4.6mm
2023-04-16,10.8℃,16.1℃,7.5℃,6.9,0.0mm
2023-04-17,13.1℃,18.1℃,6.8℃,6.1,0
2023-04-18,14.0℃,18.4℃,10.7℃,6.4,1.5mm
2023-04-19,19.1℃,28.4℃,11.5℃,2.3,0
2023-04-20,15.8℃,18.9℃,14.5℃,9.5,0.5mm
2023-04-21,16.7℃,22.8℃,11.4℃,3.8,0
2023-04-22,16.9℃,22.5℃,12.2℃,7.6,0
2023-04-23,16.1℃,22.1℃,10.7℃,8.0,0
2023-04-24,15.8℃,21.3℃,11.5℃,5.8,0
2023-04-25,10.9℃,13.2℃,9.0℃,9.4,0.4mm
2023-04-26,10.2℃,13.5℃,7.4℃,4.5,0.0mm
2023-04-27,12.9℃,20.0℃,5.1℃,0.5,0
2023-04-28,15.7℃,21.3℃,9.0℃,6.4,1.9mm
2023-04-29,13.2℃,15.8℃,9.9℃,9.6,25.1mm
2023-04-30,12.7℃,17.9℃,7.9℃,6.1,0.1mm
2023-05-01,14.6℃,20.8℃,9.8℃,3.0,0
2023-05-02,16.7℃,23.7℃,9.1℃,6.6,0
2023-05-03,19.5℃,26.2℃,12.4℃,4.5,0
2023-05-04,21.4℃,25.8℃,15.6℃,7.9,0
2023-05-05,18.4℃,21.6℃,15.5℃,10.0,30.2mm
2023-05-06,12.6℃,15.5℃,11.7℃,9.3,47.5mm
2023-05-07,14.4℃,18.6℃,11.1℃,7.1,0
2023-05-08,15.3℃,22.0℃,7.9℃,2.4,0
2023-05-09,17.0℃,24.4℃,10.0℃,0.9,0
2023-05-10,18.4℃,26.0℃,10.7℃,2.5,0
2023-05-11,19.5℃,26.7℃,12.8℃,2.9,0
2023-05-12,18.4℃,24.7℃,13.1℃,5.0,0
2023-05-13,17.8℃,23.9℃,12.6℃,3.6,0.0mm
2023-05-14,18.1℃,23.8℃,12.9℃,1.6,0
2023-05-15,20.6℃,27.9℃,12.8℃,2.0,0
2023-05-16,24.0℃,31.2℃,17.2℃,2.1,0
2023-05-17,23.5℃,28.7℃,18.6℃,4.6,0
2023-05-18,,27.6℃,19.2℃,0,0
